uid,site,date,lon_gda94,lat_gda94,bio_l_kg1ha,bio_t_kg1ha,bio_b_kg1ha,bio_w_kg1ha,bio_br_kg1ha,bio_s_kg1ha,bio_r_kg1ha,bio_agb_kg1ha,c_l_kg1ha,c_t_kg1ha,c_b_kg1ha,c_w_kg1ha,c_br_kg1ha,c_s_kg1ha,c_r_kg1ha,c_agb_kg1ha,total_alv_ba,total_ded_ba,tot_ba_m2ha
1,lit01,20130426,131.06191720062165,-12.547912282106116,4264.437689969604,4258.600583090379,13063.265306122448,59553.93586005831,29852.478134110785,72617.20116618075,19910.20408163265,106560.0583090379,2004.285714285714,2086.7142857142853,6400.999999999999,29181.42857142857,14627.714285714284,35582.428571428565,9756.0,52214.428571428565,17.28571428571429,0.7142857142857144,18.0
6,girra02,20120605,131.1320003975128,-12.523406656210543,477.7203647416414,477.930029154519,1867.3760932944606,6075.131195335278,4606.851311953354,7942.5072886297385,2670.4956268221576,13007.580174927112,224.52857142857144,234.1857142857143,915.0142857142856,2976.814285714286,2257.357142857143,3891.8285714285716,1308.5428571428572,6373.714285714285,2.0714285714285716,0.3428571428571428,2.414285714285714
24,umb07,20130603,131.67447458410703,-13.962273105751455,892.7811550151974,891.399416909621,3063.848396501457,19491.90962099125,6369.314868804666,22555.758017492717,5886.151603498541,29781.413994169092,419.6071428571428,436.7857142857143,1501.285714285714,9551.035714285712,3120.9642857142862,11052.321428571431,2884.214285714285,14592.892857142855,4.857142857142857,0.46428571428571436,5.321428571428571
64,vrd16,20120727,130.88242965734435,-17.274225328607308,2.8267477203647418,2.82798833819242,11.049562682215743,35.947521865889215,27.25947521865889,46.99708454810496,15.801749271137027,76.96793002915452,1.3285714285714285,1.3857142857142857,5.414285714285714,17.614285714285714,13.357142857142856,23.02857142857143,7.742857142857143,37.714285714285715,0.014285714285714285,0.0,0.014285714285714285
68,vrd20,20120728,130.89904092732047,-17.102124815901536,25.440729483282677,25.451895043731778,99.44606413994168,323.52769679300286,245.33527696793,422.97376093294463,142.21574344023324,692.7113702623907,11.957142857142857,12.471428571428572,48.72857142857142,158.5285714285714,120.21428571428571,207.25714285714287,69.68571428571428,339.42857142857144,0.12857142857142856,0.0,0.12857142857142856
70,vrd22,20120728,131.09409284001714,-17.037462904821265,45.22796352583587,45.24781341107872,176.7930029154519,575.1603498542274,436.1516034985422,751.9533527696793,252.82798833819243,1231.4868804664723,21.257142857142856,22.17142857142857,86.62857142857142,281.8285714285714,213.7142857142857,368.45714285714286,123.88571428571429,603.4285714285714,0.2142857142857143,0.014285714285714285,0.22857142857142856
71,vrd23,20120729,131.0561344370699,-16.993753155499828,62.18844984802432,62.21574344023323,243.09037900874634,790.8454810495627,599.7084548104956,1033.9358600583091,347.6384839650146,1693.2944606413994,29.228571428571428,30.485714285714284,119.1142857142857,387.51428571428573,293.85714285714283,506.62857142857143,170.34285714285716,829.7142857142857,0.3142857142857143,0.0,0.3142857142857143
73,vrd25,20120730,131.06148423462568,-16.667624317812955,19.787234042553195,19.79591836734694,77.34693877551018,251.6326530612245,190.81632653061226,328.97959183673476,110.61224489795917,538.7755102040817,9.3,9.7,37.89999999999999,123.3,93.5,161.20000000000002,54.199999999999996,264.0,0.1,0.0,0.1
78,vrd30,20120731,131.11415853521322,-16.338289409789212,1024.696048632219,1025.1457725947523,4005.4664723032074,13030.976676384838,9881.55976676385,17036.443148688046,5728.134110787172,27900.874635568514,481.6071428571429,502.3214285714286,1962.6785714285716,6385.178571428571,4841.964285714286,8347.857142857143,2806.785714285714,13671.428571428572,4.749999999999999,0.42857142857142855,5.178571428571428
80,vrd32,20120801,131.238918642038,-16.20861179974201,11.306990881458967,11.31195335276968,44.19825072886298,143.79008746355686,109.03790087463555,187.98833819241983,63.20699708454811,307.87172011661806,5.314285714285714,5.542857142857143,21.65714285714286,70.45714285714286,53.42857142857142,92.11428571428571,30.97142857142857,150.85714285714286,0.05714285714285714,0.0,0.05714285714285714
81,vrd33,20120801,131.16094543663522,-16.16051633073828,8.480243161094226,8.48396501457726,33.14868804664723,107.84256559766764,81.77842565597668,140.99125364431487,47.40524781341108,230.90379008746356,3.9857142857142858,4.1571428571428575,16.242857142857144,52.84285714285714,40.07142857142857,69.08571428571429,23.228571428571428,113.14285714285714,0.04285714285714286,0.0,0.04285714285714286
85,vrd37,20120802,131.14143063551617,-16.17483551082522,1773.7841945288756,1774.5626822157435,6933.60058309038,22557.069970845478,17105.320699708456,29490.67055393586,9915.597667638483,48297.376093294464,833.6785714285714,869.5357142857143,3397.464285714286,11052.964285714284,8381.607142857143,14450.42857142857,4858.642857142857,23665.714285714286,7.357142857142858,1.6071428571428572,8.964285714285714
105,jdr01,20120522,131.59969977590038,-13.883786247503068,2075.15197568389,2071.355685131195,8556.778425655975,62851.311953352764,16018.950437317784,71408.09037900875,19436.15160349854,89417.49271137024,975.3214285714284,1014.9642857142856,4192.8214285714275,30797.142857142855,7849.285714285714,34989.96428571428,9523.714285714284,43814.57142857142,17.464285714285715,0.10714285714285714,17.57142857142857
106,jdr02,20120523,131.60024570659297,-13.857266238781667,3523.100303951368,3518.9504373177847,10174.344023323616,57321.282798833825,23666.472303207,67495.62682215744,15801.749271137027,94541.39941690963,1655.857142857143,1724.2857142857144,4985.428571428572,28087.428571428572,11596.57142857143,33072.857142857145,7742.857142857143,46325.28571428572,13.714285714285714,0.5714285714285714,14.285714285714286
107,jdr03,20120523,131.5679093748641,-13.846884382727328,1710.1823708206687,1710.932944606414,6684.985422740524,21748.250728862975,16491.98250728863,28433.236151603498,9560.0583090379,46565.59766763848,803.7857142857142,838.3571428571428,3275.642857142857,10656.642857142857,8081.071428571428,13932.285714285714,4684.428571428572,22817.142857142855,8.428571428571429,0.21428571428571427,8.642857142857142
108,jdr04,20120523,131.5977290340626,-13.974668971715626,572.4164133738602,572.667638483965,2237.536443148688,7279.373177842565,5520.043731778424,9516.909620991253,3199.8542274052475,15586.005830903789,269.0357142857143,280.60714285714283,1096.392857142857,3566.892857142857,2704.821428571428,4663.285714285714,1567.9285714285713,7637.142857142856,2.8214285714285716,0.07142857142857142,2.892857142857143
110,auv01,20121009,130.09326462730013,-15.580780955889887,652.9787234042554,653.265306122449,2552.4489795918375,8303.87755102041,6296.938775510206,10856.326530612248,3650.204081632654,17779.591836734697,306.90000000000003,320.1,1250.7000000000003,4068.900000000001,3085.500000000001,5319.600000000001,1788.6000000000004,8712.000000000002,3.2,0.1,3.3000000000000007
111,auv02,20121010,130.0300394091591,-15.67690430418792,472.0668693009119,472.2740524781341,1845.276967930029,6003.236151603498,4552.332361516035,7848.513119533527,2638.8921282798833,12853.644314868805,221.87142857142857,231.41428571428568,904.1857142857142,2941.585714285714,2230.6428571428573,3845.7714285714283,1293.0571428571427,6298.285714285715,2.2857142857142865,0.1,2.3857142857142857
112,auv03,20121010,129.9789378709744,-15.710431463252995,206.3525835866261,206.44314868804665,806.6180758017492,2624.169096209913,1989.941690962099,3430.7871720116623,1153.5276967930029,5618.65889212828,96.98571428571427,101.15714285714286,395.24285714285713,1285.8428571428572,975.0714285714286,1681.0857142857144,565.2285714285714,2753.1428571428573,1.042857142857143,0.0,1.042857142857143
114,auv05,20121011,129.8277172202255,-15.861849454216609,11.306990881458967,11.31195335276968,44.19825072886297,143.79008746355686,109.03790087463555,187.98833819241983,63.20699708454811,307.87172011661806,5.314285714285714,5.542857142857143,21.657142857142855,70.45714285714286,53.42857142857142,92.11428571428571,30.97142857142857,150.85714285714286,0.05714285714285714,0.0,0.05714285714285714
123,site01,20230907,130.97215529423508,-12.517518790841898,2803.0929866036245,2797.808012093726,9896.604938271605,66986.3000755858,19584.30964978584,76882.9050138574,20278.91156462585,99155.89569160997,1317.4537037037035,1370.9259259259259,4849.336419753086,32823.28703703704,9596.311728395061,37672.62345679012,9936.666666666666,48586.38888888888,18.166666666666664,0.16666666666666663,18.333333333333336
124,site02,20230907,130.98466937849187,-12.525174956853903,2697.1631205673757,2693.8775510204077,8917.006802721087,45822.78911564626,19858.843537414963,54739.79591836733,14932.653061224488,77185.71428571429,1267.6666666666665,1319.9999999999998,4369.333333333333,22453.166666666664,9730.833333333332,26822.499999999993,7316.999999999999,37821.0,13.000000000000002,0.49999999999999994,13.499999999999998
125,site03,20230907,131.03762873787363,-12.637617251653689,2153.7234042553196,2151.1904761904766,6478.231292517007,31407.653061224493,15078.40136054422,37885.8843537415,9770.748299319728,55030.10204081634,1012.2500000000001,1054.0833333333335,3174.3333333333335,15389.750000000002,7388.416666666668,18564.083333333336,4787.666666666667,26964.750000000004,8.5,0.3333333333333333,8.833333333333334
126,site04,20230907,131.0377655490371,-12.645767862157324,2417.3758865248224,2413.2653061224487,6940.47619047619,33008.50340136054,15660.884353741494,39948.97959183673,10508.16326530612,57928.57142857141,1136.1666666666665,1182.4999999999998,3400.833333333333,16174.166666666664,7673.833333333332,19574.999999999996,5148.999999999999,28384.999999999993,9.499999999999998,0.0,9.499999999999998
127,site05,20230908,131.00768654509443,-12.66102913161641,1186.7781155015198,1187.0262390670555,4539.941690962099,14655.830903790087,11123.4693877551,19195.772594752187,6478.7172011661805,31457.580174927112,557.7857142857142,581.6428571428572,2224.5714285714284,7181.357142857142,5450.499999999999,9405.92857142857,3174.5714285714284,15414.214285714284,5.642857142857143,0.21428571428571427,5.857142857142856
128,site06,20230908,131.00348041049514,-12.65094654432797,1735.5623100303949,1734.4023323615154,5973.760932944606,24059.475218658892,14044.897959183672,30033.236151603494,9006.997084548104,45742.85714285714,815.7142857142856,849.8571428571425,2927.142857142857,11789.142857142857,6881.999999999999,14716.285714285712,4413.428571428571,22413.999999999996,7.92857142857143,0.21428571428571425,8.142857142857142
129,site07,20230909,131.07458021700324,-12.659277655124672,2220.212765957447,2218.513119533528,7451.457725947521,35288.92128279883,17705.830903790087,42741.107871720116,11535.276967930029,62576.5306122449,1043.5,1087.0714285714287,3651.2142857142853,17291.571428571428,8675.857142857143,20943.142857142855,5652.285714285714,30662.5,9.785714285714286,0.6428571428571428,10.428571428571429
130,site08,20230909,131.07560748199876,-12.660199463829787,2385.6382978723404,2381.972789115646,8214.285714285714,46108.67346938775,17654.59183673469,54323.46938775509,14840.476190476189,74266.32653061223,1121.25,1167.1666666666665,4024.9999999999995,22593.249999999996,8650.749999999998,26618.499999999993,7271.833333333332,36390.49999999999,12.833333333333336,0.5833333333333335,13.416666666666664
131,site09,20230910,131.01805131890796,-13.030253653150913,3020.2887537993925,3017.930029154519,10387.609329446064,53445.91836734693,23661.07871720117,63833.527696793,17302.915451895045,90391.61807580176,1419.5357142857144,1478.7857142857144,5089.928571428572,26188.499999999996,11593.928571428572,31278.42857142857,8478.428571428572,44291.89285714286,14.999999999999998,0.6428571428571428,15.64285714285714
132,site10,20230910,130.92608220293545,-13.035195646398838,4365.045592705167,4361.807580174926,15189.795918367347,64638.48396501457,35201.749271137014,79828.27988338191,23702.623906705536,119216.90962099125,2051.5714285714284,2137.2857142857138,7443.0,31672.85714285714,17248.857142857138,39115.85714285714,11614.285714285712,58416.28571428571,20.999999999999996,0.4285714285714285,21.428571428571423
133,site11,20230910,130.84966906777595,-13.068550956932507,56.53495440729485,56.5597667638484,220.99125364431492,718.9504373177843,545.1895043731779,939.9416909620993,316.0349854227406,1539.3586005830907,26.571428571428577,27.714285714285715,108.2857142857143,352.28571428571433,267.14285714285717,460.57142857142867,154.8571428571429,754.2857142857144,0.28571428571428575,0.0,0.28571428571428575
134,site12,20230910,130.80334876004153,-13.13212685988225,2882.174146254246,2877.0651117589896,11394.252939270946,77013.54827645342,22014.081823205473,88407.80121572438,24492.71137026239,113186.4174241125,1354.6218487394956,1409.7619047619048,5583.183940242763,37736.63865546218,10786.900093370681,43319.82259570494,12001.42857142857,55461.34453781512,20.57142857142857,1.5714285714285716,22.142857142857142
135,site13,20230910,130.79107864925666,-13.142950913866201,2406.61094224924,2401.967930029154,8804.300291545189,56457.72594752185,17315.160349854224,65262.02623906706,18013.99416909621,84885.56851311952,1131.1071428571427,1176.9642857142856,4314.107142857142,27664.285714285706,8484.42857142857,31978.39285714286,8826.857142857143,41593.928571428565,14.892857142857142,1.3928571428571428,16.285714285714285
136,site14,20230910,131.59562827561757,-12.859114538433158,937.4620060790273,937.8279883381924,3647.959183673469,11848.906705539359,8986.807580174926,15496.865889212828,5214.577259475218,25382.87172011662,440.60714285714283,459.5357142857143,1787.4999999999998,5805.964285714285,4403.535714285714,7593.464285714285,2555.142857142857,12437.607142857143,4.178571428571429,0.5357142857142857,4.714285714285714
137,site15,20230910,131.98627906401165,-12.819008911100777,4691.185410334348,4683.381924198251,15925.364431486882,78154.51895043733,34801.74927113703,94081.34110787173,27179.008746355692,133382.79883381925,2204.857142857143,2294.857142857143,7803.428571428572,38295.71428571429,17052.857142857145,46099.857142857145,13317.714285714288,65357.57142857143,22.999999999999996,1.5714285714285716,24.57142857142857
138,site16,20230910,132.01152120013234,-12.825627676802075,1738.4498480243162,1739.2128279883384,6795.4810495626825,22107.72594752187,16764.57725947522,28903.206997084548,9718.07580174927,47335.276967930025,817.0714285714286,852.2142857142858,3329.785714285714,10832.785714285716,8214.642857142857,14162.571428571428,4761.857142857142,23194.285714285714,7.928571428571429,0.8571428571428571,8.785714285714285
139,site17,20230910,132.31431892385257,-12.742015043271227,3360.6382978723404,3358.1632653061224,11768.221574344021,56834.47521865889,26902.25947521866,68602.69679300292,19317.638483965013,98728.42565597667,1579.5,1645.5,5766.428571428571,27848.892857142855,13182.107142857143,33615.32142857143,9465.642857142857,48376.928571428565,16.392857142857142,1.0714285714285714,17.464285714285715
140,site18,20230910,132.26630447235203,-12.767599985614757,3173.1483975222195,3169.056537624092,10824.785954164669,57179.88430453555,23626.8765915046,68004.67025870024,18843.586005830904,94675.1789866037,1491.379746835443,1552.837703435805,5304.145117540687,28018.14330922242,11577.169529837252,33322.288426763116,9233.357142857143,46390.83770343581,16.392857142857142,0.6428571428571428,17.035714285714285
141,site20,20230916,131.55771979013545,-12.807804106710764,2728.2674772036476,2724.0524781341105,9181.486880466471,49210.932944606415,21508.600583090378,58395.699708454806,15169.679300291544,82521.20991253645,1282.2857142857142,1334.7857142857142,4498.928571428571,24113.35714285714,10539.214285714284,28613.892857142855,7433.142857142856,40435.392857142855,12.642857142857142,1.0714285714285714,13.714285714285715
142,site21,20230916,131.56669553407158,-12.816563842429792,8757.75075987842,8737.609329446064,23913.994169096208,95725.94752186586,52430.903790087454,119639.94169096209,34605.83090379008,180471.13702623904,4116.142857142857,4281.428571428572,11717.857142857141,46905.714285714275,25691.14285714285,58623.57142857143,16956.85714285714,88430.85714285713,28.428571428571423,2.857142857142857,31.28571428571428
143,site22,20230916,132.25346103747694,-12.77087842999671,2572.0364741641333,2568.2215743440233,10425.364431486882,69200.2915451895,22511.661807580178,79629.15451895042,21016.326530612245,104607.8717201166,1208.8571428571427,1258.4285714285713,5108.428571428572,33908.142857142855,11030.714285714286,39018.28571428571,10298.0,51257.85714285713,17.14285714285714,1.8571428571428572,18.999999999999996
144,site23,20230916,132.53857746474145,-12.657977285836749,1448.70820668693,1449.3440233236151,5662.9008746355685,18423.104956268224,13970.48104956268,24086.00583090379,8098.396501457726,39446.064139941685,680.8928571428571,710.1785714285714,2774.8214285714284,9027.32142857143,6845.535714285714,11802.142857142857,3968.214285714286,19328.571428571424,7.142857142857142,0.1785714285714286,7.321428571428571
146,jnk101,20240526,130.9846922815218,-12.589930051704242,2050.911854103344,2048.3965014577266,6874.344023323616,29644.897959183672,15494.46064139942,36519.241982507294,10903.20699708455,53980.903790087475,963.9285714285716,1003.7142857142859,3368.428571428572,14526.0,7592.285714285716,17894.428571428572,5342.571428571429,26450.642857142862,9.142857142857142,0.7142857142857144,9.857142857142858
147,jnk102,20240526,130.99120299812228,-12.595088024259562,1829.2160502641723,1826.3153775412375,6348.1519165672025,37212.80842154696,13336.724910481928,43561.10708904846,11851.31195335277,58652.38617019194,859.731543624161,894.8945349952063,3110.594439117929,18234.27612655801,6534.995206136145,21344.942473633746,5807.142857142857,28739.66922339405,10.571428571428573,0.14285714285714285,10.714285714285717
148,jnk103,20240526,131.01499451787765,-12.611764716000451,1921.4285714285718,1917.0553935860062,5990.0874635568525,35100.437317784264,12117.93002915452,41090.524781341104,11061.224489795919,55051.45772594753,903.0714285714287,939.357142857143,2935.142857142858,17199.21428571429,5937.785714285715,20134.35714285714,5420.0,26975.21428571429,9.285714285714286,0.7142857142857143,9.999999999999998
149,fin101,20240526,131.01499758817147,-12.644688880745294,844.6808510638299,843.8775510204082,3403.3527696793003,18477.696793002917,7610.3498542274065,21881.77842565598,6241.6909620991255,30302.332361516033,397.0,413.5,1667.642857142857,9054.07142857143,3729.071428571429,10722.07142857143,3058.4285714285716,14848.142857142857,5.2857142857142865,0.3571428571428572,5.642857142857144
150,fin102,20240526,131.02303255401256,-12.642996550981081,3632.218844984803,3628.5714285714284,12333.527696793004,55999.125364431486,28060.349854227406,68332.6530612245,19752.186588921282,99876.96793002915,1707.1428571428573,1778.0,6043.428571428572,27439.571428571428,13749.57142857143,33483.0,9678.571428571428,48939.71428571428,16.714285714285715,1.1428571428571428,17.857142857142854
151,lfr101,20240526,130.8388958542966,-12.811394520522128,2374.7720364741635,2371.428571428571,7697.95918367347,40209.03790087463,17274.344023323614,47907.58017492711,12799.41690962099,67459.76676384838,1116.1428571428569,1161.9999999999998,3772.0,19702.42857142857,8464.42857142857,23474.714285714286,6271.714285714285,33055.28571428571,10.857142857142858,0.7142857142857144,11.57142857142857
152,lfr102,20240526,130.832636253698,-12.892754027463335,1800.911854103343,1800.5830903790084,6779.008746355684,28770.84548104956,15932.361516034982,35549.854227405245,10745.189504373178,53209.62099125363,846.4285714285712,882.2857142857141,3321.714285714285,14097.714285714284,7806.857142857141,17419.42857142857,5265.142857142857,26072.71428571428,9.000000000000002,0.7142857142857144,9.714285714285715
153,cpr01,20240602,130.9309200995863,-12.76203823276146,1000.6079027355622,999.1253644314868,3923.6151603498547,26226.67638483965,7963.994169096208,30150.583090379005,8137.900874635568,39074.34402332361,470.2857142857142,489.5714285714285,1922.5714285714287,12851.07142857143,3902.3571428571418,14773.785714285712,3987.571428571428,19146.42857142857,6.142857142857142,1.2142857142857142,7.357142857142856
154,cpr02,20240602,130.89117949993326,-12.722681578007512,696.5045592705167,696.3556851311954,2557.4344023323615,8130.174927113702,6181.486880466472,10687.609329446062,3634.402332361516,17537.17201166181,327.35714285714283,341.2142857142857,1253.142857142857,3983.785714285714,3028.928571428571,5236.928571428571,1780.857142857143,8593.214285714286,2.7857142857142856,0.5,3.285714285714286
155,cpr03,20240602,130.8096937999255,-12.709415790883252,110.24316109422493,110.29154518950439,430.9329446064141,1401.9533527696794,1063.1195335276968,1832.8862973760934,616.2682215743441,3001.749271137027,51.81428571428572,54.04285714285715,211.1571428571429,686.9571428571429,520.9285714285714,898.1142857142858,301.9714285714286,1470.8571428571431,0.5428571428571429,0.014285714285714285,0.5571428571428572
156,cpr04,20240602,130.76263900059286,-12.657997079899088,1285.5623100303949,1284.6938775510205,4830.3206997084535,18673.615160349855,11782.65306122449,23505.24781341107,7268.804664723032,36520.991253644315,604.2142857142856,629.5,2366.857142857142,9150.07142857143,5773.5,11517.571428571426,3561.714285714286,17895.285714285714,5.857142857142857,0.7142857142857143,6.571428571428571
12,centa13,20130602,133.35543801341595,-14.37659043909748,908.966565349544,907.5801749271136,3033.8192419825073,17358.38192419825,7666.690962099125,20394.31486880466,4780.029154518949,28932.871720116615,427.21428571428567,444.71428571428567,1486.5714285714284,8505.607142857141,3756.678571428571,9993.214285714283,2342.2142857142853,14177.107142857141,4.142857142857143,0.1785714285714286,4.321428571428571
15,gulf11,20130716,136.5989968774067,-16.08907702212583,1666.261398176292,1663.4110787172012,4818.148688046646,27810.276967930033,10601.822157434404,32628.42565597668,7979.8833819242,44828.49854227406,783.1428571428572,815.0714285714286,2360.892857142857,13627.035714285716,5194.892857142858,15987.928571428572,3910.142857142858,21965.964285714286,6.642857142857143,0.5714285714285714,7.214285714285714
25,amg01,20120619,134.05167792472756,-16.38097178688785,1872.4960389316434,1868.1917219775441,5456.9947583896765,15611.459819490103,12021.842239935493,21068.45457787979,7545.335276967933,34886.364446994616,880.0731382978723,915.4139437689967,2673.9274316109413,7649.61531155015,5890.702697568391,10323.542743161097,3697.214285714287,17094.31857902736,6.4642857142857135,0.35714285714285715,6.821428571428569
28,amg05,20120621,134.09063663514416,-16.73125956338392,3773.7082066869293,3775.3644314868793,14751.166180758013,47989.94169096209,36391.39941690961,62741.1078717201,21095.335276967922,102752.18658892125,1773.6428571428567,1849.9285714285709,7228.071428571427,23515.071428571424,17831.78571428571,30743.142857142848,10336.714285714283,50348.57142857141,12.107142857142856,6.964285714285715,19.07142857142857
29,amg06,20120621,134.08784833411886,-16.69423322370554,472.0668693009119,472.2740524781342,1845.276967930029,6003.236151603499,4552.332361516035,7848.513119533528,2638.8921282798838,12853.644314868805,221.87142857142857,231.41428571428574,904.1857142857142,2941.5857142857144,2230.6428571428573,3845.7714285714287,1293.057142857143,6298.285714285715,2.242857142857143,0.14285714285714288,2.3857142857142857
30,amg08,20120622,134.08869163134648,-16.56931920464764,4515.729483282676,4517.711370262391,17651.67638483965,57426.16618075802,43547.01166180758,75077.84256559766,25243.294460641402,122956.26822157434,2122.3928571428573,2213.6785714285716,8649.32142857143,28138.821428571428,21338.035714285714,36788.142857142855,12369.214285714286,60248.57142857143,19.28571428571429,3.535714285714285,22.821428571428573
32,amg10,20120622,134.18768033424183,-16.41559201378762,500.30395136778117,499.94169096209913,1744.2565597667638,5431.486880466472,4139.591836734695,7175.7434402332365,2465.0728862973765,11795.218658892127,235.14285714285714,244.97142857142856,854.6857142857142,2661.428571428571,2028.4000000000003,3516.114285714286,1207.8857142857144,5779.657142857142,2.0142857142857142,0.2142857142857143,2.2285714285714286
39,ant03,20120624,135.05800424006875,-18.24023510938841,101.76291793313072,101.80758017492712,397.78425655976685,1294.1107871720117,981.3411078717202,1691.8950437317787,568.8629737609331,2770.8454810495627,47.828571428571436,49.88571428571429,194.91428571428574,634.1142857142858,480.8571428571429,829.0285714285716,278.7428571428572,1357.7142857142858,0.5142857142857143,0.0,0.5142857142857143
48,barkely07,20111027,135.60930951574304,-18.08531564548007,289.741641337386,289.86880466472303,1132.5801749271136,3684.620991253644,2794.096209912536,4817.201166180757,1619.6793002915451,7889.212827988337,136.17857142857142,142.03571428571428,554.9642857142857,1805.4642857142856,1369.1071428571427,2360.428571428571,793.6428571428571,3865.7142857142853,1.3571428571428572,0.10714285714285714,1.4642857142857142
89,nc02,20130414,133.40975540254905,-17.353833721986803,975.2279635258359,975.655976676385,3812.0991253644315,12401.89504373178,9404.51895043732,16213.994169096211,5451.603498542274,26553.93586005831,458.35714285714283,478.0714285714286,1867.9285714285713,6076.9285714285725,4608.214285714286,7944.857142857143,2671.285714285714,13011.428571428572,4.678571428571428,0.25,4.928571428571428
90,nc03,20130414,133.41858120339074,-17.36594025176314,551.2158054711247,551.4577259475219,2154.6647230320705,7009.766763848396,5315.5976676384835,9164.431486880467,3081.3411078717204,15008.74635568513,259.07142857142856,270.2142857142857,1055.7857142857144,3434.785714285714,2604.642857142857,4490.571428571428,1509.857142857143,7354.285714285714,2.4714285714285715,0.3142857142857143,2.785714285714286
91,lim01,20120529,135.7442053309193,-16.313870265981137,801.9756838905777,801.8367346938776,2956.501457725948,9413.265306122452,7155.772594752186,12369.766763848396,4203.265306122451,20294.78134110787,376.9285714285715,392.90000000000003,1448.6857142857145,4612.500000000001,3506.328571428571,6061.185714285714,2059.600000000001,9944.442857142856,3.0285714285714285,0.7714285714285716,3.8
93,lim03,20120530,135.68783603142174,-16.450205866489053,1543.0851063829791,1541.0349854227406,5040.8892128279895,15259.985422740527,11669.460641399419,20300.874635568514,7071.2827988338195,33450.43731778426,725.2500000000001,755.1071428571429,2470.0357142857147,7477.392857142858,5718.035714285715,9947.428571428572,3464.9285714285716,16390.714285714286,5.964285714285714,0.4285714285714285,6.392857142857143
94,lim04,20120530,135.68825060839927,-16.485670792594394,487.0820668693009,487.2594752186588,1890.7580174927116,6136.0058309037895,4654.314868804665,8026.763848396501,2702.0991253644315,13148.279883381923,228.92857142857142,238.7571428571428,926.4714285714286,3006.642857142857,2280.614285714286,3933.1142857142854,1324.0285714285715,6442.657142857142,2.1571428571428575,0.28571428571428575,2.4428571428571426
96,lim06,20120530,135.7115911286766,-16.30822449693309,942.857142857143,942.5072886297376,3408.1049562682215,10768.513119533529,8193.236151603498,14176.618075801749,4835.33527696793,23274.227405247813,443.14285714285717,461.8285714285714,1669.9714285714285,5276.571428571429,4014.6857142857143,6946.5428571428565,2369.3142857142857,11404.371428571429,3.871428571428572,0.5,4.371428571428572
2,agb02,20120714,131.00519029974444,-12.64729111005121,1995.8206686930087,1993.2944606413994,6456.049562682215,27565.670553935863,14694.825072886295,34021.720116618075,9955.10204081633,50630.90379008746,938.035714285714,976.7142857142857,3163.4642857142853,13507.178571428572,7200.464285714284,16670.642857142855,4878.000000000001,24809.142857142855,8.214285714285714,0.7857142857142856,9.0
3,buff01,20120713,130.8985928144694,-12.336187131462985,1555.6231003039513,1553.8629737609328,4550.291545189504,24978.79008746356,10609.402332361518,29529.08163265306,7031.778425655976,41630.61224489795,731.1428571428571,761.3928571428571,2229.642857142857,12239.607142857145,5198.607142857144,14469.249999999998,3445.5714285714284,20398.999999999996,5.892857142857143,0.4642857142857143,6.357142857142856
4,ep01,20120713,130.82164929122726,-12.411102721524571,2869.148936170213,2870.408163265306,11215.30612244898,36486.73469387755,27668.367346938776,47702.04081632654,16038.775510204083,78122.44897959183,1348.5,1406.5,5495.5,17878.5,13557.5,23374.000000000004,7859.0,38280.0,13.214285714285715,1.2857142857142856,14.5
5,girra01,20120605,131.07802192217,-12.514122936055013,2601.950354609929,2597.959183673469,8639.795918367345,45233.33333333333,18576.87074829932,53874.319727891154,14932.65306122449,74946.93877551019,1222.9166666666665,1272.9999999999998,4233.499999999999,22164.333333333332,9102.666666666666,26398.416666666664,7317.0,36723.99999999999,12.916666666666666,0.5833333333333334,13.500000000000002
7,hshr01,20120606,131.0620726815403,-12.416565823874741,5729.4832826747715,5728.862973760933,21277.259475218656,68256.26822157436,51575.218658892125,89533.52769679301,30339.358600583088,146604.37317784256,2692.8571428571427,2807.142857142857,10425.857142857141,33445.571428571435,25271.85714285714,43871.42857142857,14866.285714285712,71836.14285714286,24.28571428571428,3.142857142857143,27.428571428571423
8,hsf01,20120710,131.03132931286336,-12.469290179747652,3912.1580547112467,3913.7026239067054,15287.026239067056,50344.75218658892,37661.37026239067,65631.92419825074,21964.43148688047,107045.7725947522,1838.7142857142858,1917.7142857142856,7490.642857142857,24668.928571428572,18454.071428571428,32159.64285714286,10762.57142857143,52452.42857142857,19.357142857142865,0.5,19.85714285714286
9,hsf02,20120710,131.04619400045854,-12.473082239958163,4073.5562310030396,4074.7813411078714,15583.819241982506,53161.51603498542,38285.71428571429,68745.33527696792,22438.483965014577,110938.3381924198,1914.5714285714284,1996.6428571428569,7636.0714285714275,26049.142857142855,18760.0,33685.21428571428,10994.857142857143,54359.7857142857,19.71428571428572,0.5714285714285714,20.285714285714285
10,wedo01,20120606,131.0050186100947,-12.604008270726993,788.9057750759879,787.8134110787172,2562.536443148689,9030.52478134111,5854.781341107871,11593.061224489797,3760.8163265306125,18204.54810495627,370.7857142857143,386.0285714285714,1255.6428571428576,4424.9571428571435,2868.842857142857,5680.6,1842.8000000000002,8920.228571428572,3.1571428571428566,0.24285714285714283,3.4
11,wedo03,20120710,130.98312305438918,-12.5339548490209,1581.61094224924,1579.081632653061,5136.661807580174,28744.97084548105,11822.084548104956,33883.38192419825,8572.448979591836,47222.521865889204,743.3571428571428,773.7499999999999,2516.9642857142853,14085.035714285714,5792.821428571428,16602.85714285714,4200.5,23139.03571428571,7.178571428571428,0.5714285714285714,7.749999999999999
50,wh02,20120724,130.67928682027434,-18.234261268637074,36.747720364741646,36.76384839650146,143.64431486880468,467.31778425655983,354.37317784256567,610.9620991253646,205.42274052478137,1000.5830903790088,17.271428571428572,18.014285714285716,70.3857142857143,228.98571428571432,173.64285714285717,299.3714285714286,100.65714285714287,490.28571428571433,0.1,0.08571428571428572,0.18571428571428572
55,wh07,20120725,130.85520482920919,-17.730626711097376,36.747720364741646,36.76384839650146,143.64431486880466,467.3177842565598,354.3731778425656,610.9620991253645,205.42274052478135,1000.5830903790087,17.271428571428572,18.014285714285716,70.38571428571429,228.9857142857143,173.64285714285714,299.37142857142857,100.65714285714286,490.2857142857143,0.18571428571428572,0.0,0.18571428571428572
97,legu01,20121005,129.25526910041296,-15.382661895916248,339.20972644376906,339.35860058309044,1325.9475218658893,4313.702623906705,3271.1370262390674,5639.650145772595,1896.2099125364432,9236.151603498543,159.42857142857144,166.2857142857143,649.7142857142858,2113.714285714286,1602.857142857143,2763.4285714285716,929.1428571428571,4525.714285714286,1.6428571428571428,0.07142857142857144,1.7142857142857144
100,legu04,20121007,129.25752276926121,-15.396699720453805,620.8814589665654,619.9708454810494,1811.486880466472,8631.516034985423,4156.763848396501,10443.002915451894,2717.900874635569,15195.306122448981,291.81428571428575,303.7857142857142,887.6285714285713,4229.442857142857,2036.8142857142857,5117.071428571428,1331.7714285714287,7445.700000000001,2.4000000000000004,0.05714285714285714,2.4571428571428573
101,legu05,20121007,129.24083843638635,-15.385715701054187,673.1003039513679,673.061224489796,2563.26530612245,10390.699708454813,6075.539358600583,12953.96501457726,3997.8425655976685,19675.131195335278,316.3571428571429,329.80000000000007,1256.0000000000005,5091.442857142858,2977.0142857142855,6347.442857142857,1958.9428571428575,9640.814285714287,3.3857142857142857,0.22857142857142856,3.6142857142857143
102,legu06,20121007,129.17577273028243,-15.325699767062831,1180.1671732522798,1180.685131195335,4613.192419825074,15008.090379008745,11380.830903790087,19621.28279883382,6597.230320699708,32134.11078717201,554.6785714285714,578.5357142857142,2260.464285714286,7353.964285714285,5576.607142857142,9614.428571428572,3232.642857142857,15745.714285714284,5.892857142857142,0.07142857142857142,5.9642857142857135
103,legu07,20121008,129.12848109540147,-15.379878082919705,1207.5227963525838,1206.4868804664723,4527.9154518950445,24885.20408163266,9865.816326530612,29413.119533527697,8256.413994169097,40437.17201166181,567.5357142857143,591.1785714285714,2218.6785714285716,12193.750000000002,4834.25,14412.42857142857,4045.642857142858,19814.214285714286,7.035714285714286,0.4285714285714285,7.4642857142857135
104,legu08,20121008,129.1704052370461,-15.438407632386578,584.9544072948328,584.0524781341107,1956.3556851311955,13053.498542274052,4075.8309037900876,15009.854227405249,3776.61807580175,19646.763848396502,274.9285714285714,286.18571428571425,958.6142857142858,6396.214285714285,1997.1571428571428,7354.828571428572,1850.5428571428574,9626.914285714285,3.014285714285714,0.4,3.414285714285714
145,bc101,20240524,131.2027603003722,-13.29169070257272,936.77811550152,936.1516034985425,3587.0262390670564,15659.912536443151,8642.419825072888,19247.959183673473,5688.629737609331,28788.92128279884,440.2857142857144,458.71428571428584,1757.6428571428576,7673.357142857144,4234.785714285715,9431.500000000002,2787.428571428572,14106.571428571431,4.928571428571429,0.21428571428571425,5.142857142857143
13,centa14,20120602,133.292002658622,-14.403074825513823,1231.2310030395138,1229.9562682215744,3776.239067055393,18092.93002915452,8847.157434402334,21869.169096209913,5688.62973760933,31897.303206997087,578.6785714285714,602.6785714285714,1850.3571428571427,8865.535714285714,4335.107142857143,10715.892857142857,2787.4285714285716,15629.678571428572,4.785714285714286,0.3571428571428572,5.142857142857143
14,gulf10,20130716,136.27935030046595,-16.02554408027193,964.7416413373861,963.1195335276967,3222.157434402332,20314.21282798834,6686.078717201166,23536.370262390672,6123.1778425655975,31147.81341107872,453.42857142857144,471.9285714285714,1578.8571428571427,9953.964285714286,3276.178571428571,11532.82142857143,3000.3571428571427,15262.428571428572,5.464285714285714,0.07142857142857142,5.535714285714286
17,larr15,20130531,133.10752770022341,-15.207994209845706,264.6276595744681,264.2857142857143,766.4540816326531,4069.8979591836737,1773.2142857142858,4836.352040816327,1175.2551020408164,6863.392857142857,124.375,129.5,375.5625,1994.25,868.875,2369.8125,575.875,3363.0625,1.0625,0.0,1.0625
36,ant06,20120625,135.15251384766418,-18.266322156185524,918.6930091185412,919.0962099125366,3591.107871720117,11682.944606413996,8859.329446064141,15274.052478134114,5135.568513119535,25014.577259475223,431.78571428571433,450.3571428571429,1759.6428571428573,5724.642857142858,4341.071428571429,7484.285714285716,2516.428571428572,12257.142857142859,4.107142857142857,0.5357142857142857,4.642857142857143
87,el02,20130414,133.52878241429383,-17.52950643792164,373.13069908814595,373.29446064139944,1458.542274052478,4745.0728862973765,3598.2507288629736,6203.615160349854,2085.8309037900876,10159.766763848394,175.3714285714286,182.9142857142857,714.6857142857142,2325.0857142857144,1763.142857142857,3039.7714285714283,1022.0571428571429,4978.285714285713,1.5571428571428572,0.3285714285714286,1.885714285714286
65,vrd17,20120727,130.97817293404705,-17.263723194088225,0.0,0.0,0.0,0.0,0.0,0.0,0.0,0.0,0.0,0.0,0.0,0.0,0.0,0.0,0.0,0.0,0.0,0.0,0.0
72,vrd24,20120729,131.11592414007418,-16.877028655831065,0.0,0.0,0.0,0.0,0.0,0.0,0.0,0.0,0.0,0.0,0.0,0.0,0.0,0.0,0.0,0.0,0.0,0.0,0.0
74,vrd26,20120730,131.2176788447713,-16.651064936615093,0.0,0.0,0.0,0.0,0.0,0.0,0.0,0.0,0.0,0.0,0.0,0.0,0.0,0.0,0.0,0.0,0.0,0.0,0.0
77,vrd29,20120731,131.12320583626214,-16.391829119379572,0.0,0.0,0.0,0.0,0.0,0.0,0.0,0.0,0.0,0.0,0.0,0.0,0.0,0.0,0.0,0.0,0.0,0.0,0.0
79,vrd31,20120801,131.16590923824373,-16.304921969673014,0.0,0.0,0.0,0.0,0.0,0.0,0.0,0.0,0.0,0.0,0.0,0.0,0.0,0.0,0.0,0.0,0.0,0.0,0.0
82,vrd34,20120801,131.1838792385798,-16.21427293016035,0.0,0.0,0.0,0.0,0.0,0.0,0.0,0.0,0.0,0.0,0.0,0.0,0.0,0.0,0.0,0.0,0.0,0.0,0.0
83,vrd35,20120802,131.18883213788834,-16.102734080911773,0.0,0.0,0.0,0.0,0.0,0.0,0.0,0.0,0.0,0.0,0.0,0.0,0.0,0.0,0.0,0.0,0.0,0.0,0.0
84,vrd36,20120802,131.23367244058443,-16.08778645069163,0.0,0.0,0.0,0.0,0.0,0.0,0.0,0.0,0.0,0.0,0.0,0.0,0.0,0.0,0.0,0.0,0.0,0.0,0.0
109,jdr05,20120524,131.62526993919104,-14.111266942729396,0.0,0.0,0.0,0.0,0.0,0.0,0.0,0.0,0.0,0.0,0.0,0.0,0.0,0.0,0.0,0.0,0.0,0.0,0.0
115,auv06,20121011,129.68501037856342,-16.00775489353334,0.0,0.0,0.0,0.0,0.0,0.0,0.0,0.0,0.0,0.0,0.0,0.0,0.0,0.0,0.0,0.0,0.0,0.0,0.0
116,auv07,20121011,129.69038506567236,-16.070365555840215,0.0,0.0,0.0,0.0,0.0,0.0,0.0,0.0,0.0,0.0,0.0,0.0,0.0,0.0,0.0,0.0,0.0,0.0,0.0
117,auv08,20121011,129.62464028879674,-16.198472220813166,0.0,0.0,0.0,0.0,0.0,0.0,0.0,0.0,0.0,0.0,0.0,0.0,0.0,0.0,0.0,0.0,0.0,0.0,0.0
118,auv09,20121011,129.64802397324448,-16.162631851674483,0.0,0.0,0.0,0.0,0.0,0.0,0.0,0.0,0.0,0.0,0.0,0.0,0.0,0.0,0.0,0.0,0.0,0.0,0.0
119,nt001,20110523,131.20957667827636,-13.94519607911641,0.0,0.0,0.0,0.0,0.0,0.0,0.0,0.0,0.0,0.0,0.0,0.0,0.0,0.0,0.0,0.0,0.0,0.0,0.0
120,nt002,20120523,131.21832663520755,-13.934318423052124,0.0,0.0,0.0,0.0,0.0,0.0,0.0,0.0,0.0,0.0,0.0,0.0,0.0,0.0,0.0,0.0,0.0,0.0,0.0
121,nt003,20120523,131.18243299557471,-13.846584686008297,0.0,0.0,0.0,0.0,0.0,0.0,0.0,0.0,0.0,0.0,0.0,0.0,0.0,0.0,0.0,0.0,0.0,0.0,0.0
122,nt004,20120524,130.86074394855595,-13.05887520811261,0.0,0.0,0.0,0.0,0.0,0.0,0.0,0.0,0.0,0.0,0.0,0.0,0.0,0.0,0.0,0.0,0.0,0.0,0.0
27,amg03,20120620,134.03161783233472,-16.77900462426776,0.0,0.0,0.0,0.0,0.0,0.0,0.0,0.0,0.0,0.0,0.0,0.0,0.0,0.0,0.0,0.0,0.0,0.0,0.0
33,antgr01,20120626,135.19905225039196,-18.243493695758055,0.0,0.0,0.0,0.0,0.0,0.0,0.0,0.0,0.0,0.0,0.0,0.0,0.0,0.0,0.0,0.0,0.0,0.0,0.0
38,ant04,20120624,135.08433404228157,-18.25097197866705,0.0,0.0,0.0,0.0,0.0,0.0,0.0,0.0,0.0,0.0,0.0,0.0,0.0,0.0,0.0,0.0,0.0,0.0,0.0
40,ant02,20120624,135.0409458383976,-18.224503619992294,0.0,0.0,0.0,0.0,0.0,0.0,0.0,0.0,0.0,0.0,0.0,0.0,0.0,0.0,0.0,0.0,0.0,0.0,0.0
41,ant01,20120623,135.29324134960294,-17.978808485361704,0.0,0.0,0.0,0.0,0.0,0.0,0.0,0.0,0.0,0.0,0.0,0.0,0.0,0.0,0.0,0.0,0.0,0.0,0.0
42,barkely01,20111025,135.0406863322195,-18.001776171675584,0.0,0.0,0.0,0.0,0.0,0.0,0.0,0.0,0.0,0.0,0.0,0.0,0.0,0.0,0.0,0.0,0.0,0.0,0.0
44,barkely03,20111026,135.2883664505653,-18.024523715139786,0.0,0.0,0.0,0.0,0.0,0.0,0.0,0.0,0.0,0.0,0.0,0.0,0.0,0.0,0.0,0.0,0.0,0.0,0.0
45,barkely04,20111026,135.22560384494855,-17.98480115708086,0.0,0.0,0.0,0.0,0.0,0.0,0.0,0.0,0.0,0.0,0.0,0.0,0.0,0.0,0.0,0.0,0.0,0.0,0.0
46,barkely05,20111027,135.08714383504483,-17.983891460642617,0.0,0.0,0.0,0.0,0.0,0.0,0.0,0.0,0.0,0.0,0.0,0.0,0.0,0.0,0.0,0.0,0.0,0.0,0.0
47,barkely06,20111027,135.25743784728755,-17.987039226215057,0.0,0.0,0.0,0.0,0.0,0.0,0.0,0.0,0.0,0.0,0.0,0.0,0.0,0.0,0.0,0.0,0.0,0.0,0.0
86,el01,20130413,133.5249416143737,-17.54671064842244,0.0,0.0,0.0,0.0,0.0,0.0,0.0,0.0,0.0,0.0,0.0,0.0,0.0,0.0,0.0,0.0,0.0,0.0,0.0
20,lto04,20130528,130.77696899988337,-13.169731950197272,0.0,0.0,0.0,0.0,0.0,0.0,0.0,0.0,0.0,0.0,0.0,0.0,0.0,0.0,0.0,0.0,0.0,0.0,0.0
21,lto05,20130528,130.77800299963454,-13.158354129825511,0.0,0.0,0.0,0.0,0.0,0.0,0.0,0.0,0.0,0.0,0.0,0.0,0.0,0.0,0.0,0.0,0.0,0.0,0.0
51,wh03,20120724,130.75896622463637,-18.035695579547035,0.0,0.0,0.0,0.0,0.0,0.0,0.0,0.0,0.0,0.0,0.0,0.0,0.0,0.0,0.0,0.0,0.0,0.0,0.0
52,wh04,20120724,130.76838532520264,-18.019915569546995,0.0,0.0,0.0,0.0,0.0,0.0,0.0,0.0,0.0,0.0,0.0,0.0,0.0,0.0,0.0,0.0,0.0,0.0,0.0
53,wh05,20120725,130.7533450230115,-17.869859880794703,0.0,0.0,0.0,0.0,0.0,0.0,0.0,0.0,0.0,0.0,0.0,0.0,0.0,0.0,0.0,0.0,0.0,0.0,0.0
54,wh06,20120725,130.79407392542902,-17.80441745096688,0.0,0.0,0.0,0.0,0.0,0.0,0.0,0.0,0.0,0.0,0.0,0.0,0.0,0.0,0.0,0.0,0.0,0.0,0.0
56,wh08,20120725,130.86484613044215,-17.80031196047614,0.0,0.0,0.0,0.0,0.0,0.0,0.0,0.0,0.0,0.0,0.0,0.0,0.0,0.0,0.0,0.0,0.0,0.0,0.0
57,wh09,20120725,130.82755502816198,-17.849505930351782,0.0,0.0,0.0,0.0,0.0,0.0,0.0,0.0,0.0,0.0,0.0,0.0,0.0,0.0,0.0,0.0,0.0,0.0,0.0
61,wh13,20120726,130.9793829359707,-17.484927061904976,0.0,0.0,0.0,0.0,0.0,0.0,0.0,0.0,0.0,0.0,0.0,0.0,0.0,0.0,0.0,0.0,0.0,0.0,0.0
63,wh15,20120727,130.94830943452482,-17.573513531507405,0.0,0.0,0.0,0.0,0.0,0.0,0.0,0.0,0.0,0.0,0.0,0.0,0.0,0.0,0.0,0.0,0.0,0.0,0.0
98,legu02,20121005,129.30188667529683,-15.16619152787618,0.0,0.0,0.0,0.0,0.0,0.0,0.0,0.0,0.0,0.0,0.0,0.0,0.0,0.0,0.0,0.0,0.0,0.0,0.0
99,legu03,20121006,129.46391793163474,-15.12510596359055,0.0,0.0,0.0,0.0,0.0,0.0,0.0,0.0,0.0,0.0,0.0,0.0,0.0,0.0,0.0,0.0,0.0,0.0,0.0
16,gulf12,20130716,136.55609939976617,-16.12624416006253,0.0,0.0,0.0,0.0,0.0,0.0,0.0,0.0,0.0,0.0,0.0,0.0,0.0,0.0,0.0,0.0,0.0,0.0,0.0
18,lim08,20130601,135.30509349982486,-15.23416616978125,0.0,0.0,0.0,0.0,0.0,0.0,0.0,0.0,0.0,0.0,0.0,0.0,0.0,0.0,0.0,0.0,0.0,0.0,0.0
19,lim09,20130601,135.35482980028561,-15.37926174966222,0.0,0.0,0.0,0.0,0.0,0.0,0.0,0.0,0.0,0.0,0.0,0.0,0.0,0.0,0.0,0.0,0.0,0.0,0.0
34,ant09,20120626,135.26979845800489,-18.329650472724275,0.0,0.0,0.0,0.0,0.0,0.0,0.0,0.0,0.0,0.0,0.0,0.0,0.0,0.0,0.0,0.0,0.0,0.0,0.0
35,ant07,20120626,135.20383185080917,-18.245811535015992,0.0,0.0,0.0,0.0,0.0,0.0,0.0,0.0,0.0,0.0,0.0,0.0,0.0,0.0,0.0,0.0,0.0,0.0,0.0
43,barkely02,20111026,135.2597600494539,-18.056976375045714,0.0,0.0,0.0,0.0,0.0,0.0,0.0,0.0,0.0,0.0,0.0,0.0,0.0,0.0,0.0,0.0,0.0,0.0,0.0
