uid,site,site_name,date,lon_gda94,lat_gda94,bio_l_kg1ha,bio_t_kg1ha,bio_b_kg1ha,bio_w_kg1ha,bio_br_kg1ha,bio_s_kg1ha,bio_r_kg1ha,bio_agb_kg1ha,c_l_kg1ha,c_t_kg1ha,c_b_kg1ha,c_w_kg1ha,c_br_kg1ha,c_s_kg1ha,c_r_kg1ha,c_agb_kg1ha,geometry
1,agb02_2012,agb02,20120714,131.00519029974444,-12.64729111005121,1995.8206686930087,1993.2944606413996,6456.049562682216,27565.670553935863,14694.825072886297,34021.720116618075,9955.10204081633,50630.90379008746,938.035714285714,976.7142857142856,3163.4642857142853,13507.178571428572,7200.4642857142835,16670.642857142855,4878.000000000001,24809.14285714285,POINT (131.0051902997444 -12.64729111005121)
2,amg01_2012,amg01,20120619,134.05167792472756,-16.38097178688785,1872.4960389316434,1868.191721977544,5456.994758389677,15611.459819490105,12021.842239935493,21068.45457787979,7545.335276967933,34886.364446994616,880.0731382978723,915.4139437689968,2673.927431610941,7649.61531155015,5890.702697568391,10323.542743161097,3697.214285714287,17094.31857902736,POINT (134.0516779247276 -16.38097178688785)
3,amg03_2012,amg03,20120620,134.03161783233472,-16.77900462426776,0.0,0.0,0.0,0.0,0.0,0.0,0.0,0.0,0.0,0.0,0.0,0.0,0.0,0.0,0.0,0.0,POINT (134.0316178323347 -16.77900462426776)
4,amg05_2012,amg05,20120621,134.09063663514416,-16.73125956338392,3773.708206686929,3775.3644314868793,14751.166180758013,47989.94169096209,36391.39941690961,62741.107871720094,21095.33527696792,102752.18658892123,1773.6428571428567,1849.9285714285709,7228.071428571427,23515.071428571428,17831.78571428571,30743.142857142848,10336.714285714283,50348.57142857141,POINT (134.0906366351442 -16.73125956338392)
5,amg06_2012,amg06,20120621,134.08784833411886,-16.694233223705538,472.0668693009119,472.27405247813414,1845.276967930029,6003.236151603499,4552.332361516035,7848.513119533528,2638.892128279884,12853.644314868803,221.87142857142857,231.41428571428574,904.1857142857143,2941.585714285715,2230.6428571428573,3845.7714285714287,1293.057142857143,6298.285714285716,POINT (134.0878483341189 -16.69423322370554)
6,amg08_2012,amg08,20120622,134.0886916313465,-16.56931920464764,4515.729483282676,4517.711370262391,17651.67638483965,57426.166180758024,43547.011661807584,75077.84256559766,25243.294460641402,122956.26822157436,2122.3928571428573,2213.678571428572,8649.32142857143,28138.821428571428,21338.035714285714,36788.142857142855,12369.214285714286,60248.57142857143,POINT (134.0886916313465 -16.56931920464764)
7,amg10_2012,amg10,20120622,134.18768033424186,-16.41559201378762,500.3039513677812,499.94169096209913,1744.2565597667635,5431.486880466472,4139.591836734695,7175.743440233237,2465.0728862973765,11795.218658892129,235.14285714285717,244.97142857142856,854.6857142857143,2661.4285714285706,2028.4000000000005,3516.114285714286,1207.8857142857146,5779.657142857142,POINT (134.1876803342419 -16.41559201378762)
8,ant01_2012,ant01,20120623,135.29324134960294,-17.978808485361704,0.0,0.0,0.0,0.0,0.0,0.0,0.0,0.0,0.0,0.0,0.0,0.0,0.0,0.0,0.0,0.0,POINT (135.2932413496029 -17.9788084853617)
9,ant02_2012,ant02,20120624,135.0409458383976,-18.22450361999229,0.0,0.0,0.0,0.0,0.0,0.0,0.0,0.0,0.0,0.0,0.0,0.0,0.0,0.0,0.0,0.0,POINT (135.0409458383976 -18.22450361999229)
10,ant03_2012,ant03,20120624,135.05800424006875,-18.24023510938841,101.76291793313072,101.80758017492712,397.78425655976685,1294.1107871720117,981.3411078717203,1691.895043731779,568.8629737609332,2770.845481049563,47.828571428571436,49.88571428571429,194.91428571428574,634.1142857142858,480.8571428571429,829.0285714285716,278.7428571428572,1357.7142857142858,POINT (135.0580042400688 -18.24023510938841)
11,ant04_2012,ant04,20120624,135.08433404228157,-18.250971978667053,0.0,0.0,0.0,0.0,0.0,0.0,0.0,0.0,0.0,0.0,0.0,0.0,0.0,0.0,0.0,0.0,POINT (135.0843340422816 -18.25097197866705)
12,ant06_2012,ant06,20120625,135.15251384766418,-18.266322156185524,918.6930091185412,919.0962099125367,3591.107871720117,11682.944606413997,8859.329446064141,15274.052478134114,5135.568513119535,25014.577259475223,431.78571428571433,450.3571428571429,1759.6428571428573,5724.642857142858,4341.071428571428,7484.2857142857165,2516.428571428572,12257.142857142859,POINT (135.1525138476642 -18.26632215618552)
13,ant07_2012,ant07,20120626,135.20383185080917,-18.245811535015992,0.0,0.0,0.0,0.0,0.0,0.0,0.0,0.0,0.0,0.0,0.0,0.0,0.0,0.0,0.0,0.0,POINT (135.2038318508092 -18.24581153501599)
14,ant09_2012,ant09,20120626,135.26979845800489,-18.329650472724275,0.0,0.0,0.0,0.0,0.0,0.0,0.0,0.0,0.0,0.0,0.0,0.0,0.0,0.0,0.0,0.0,POINT (135.2697984580049 -18.32965047272427)
15,antgr01_2012,antgr01,20120626,135.19905225039196,-18.24349369575805,0.0,0.0,0.0,0.0,0.0,0.0,0.0,0.0,0.0,0.0,0.0,0.0,0.0,0.0,0.0,0.0,POINT (135.199052250392 -18.24349369575805)
16,auv01_2012,auv01,20121009,130.09326462730013,-15.580780955889887,652.9787234042553,653.265306122449,2552.4489795918366,8303.877551020409,6296.938775510206,10856.326530612248,3650.204081632654,17779.591836734693,306.9000000000001,320.1,1250.7000000000005,4068.900000000001,3085.5000000000014,5319.600000000001,1788.6000000000006,8712.000000000002,POINT (130.0932646273001 -15.58078095588989)
17,auv02_2012,auv02,20121010,130.0300394091591,-15.67690430418792,472.0668693009119,472.27405247813414,1845.276967930029,6003.236151603499,4552.332361516035,7848.513119533527,2638.8921282798833,12853.644314868803,221.87142857142857,231.4142857142857,904.1857142857143,2941.585714285714,2230.6428571428573,3845.7714285714283,1293.0571428571427,6298.285714285716,POINT (130.0300394091591 -15.67690430418792)
18,auv03_2012,auv03,20121010,129.97893787097442,-15.710431463252995,206.35258358662608,206.44314868804662,806.6180758017492,2624.169096209913,1989.941690962099,3430.7871720116627,1153.5276967930029,5618.65889212828,96.98571428571428,101.15714285714287,395.24285714285713,1285.8428571428572,975.0714285714287,1681.0857142857144,565.2285714285714,2753.142857142857,POINT (129.9789378709744 -15.71043146325299)
19,auv05_2012,auv05,20121011,129.8277172202255,-15.861849454216607,11.306990881458967,11.31195335276968,44.19825072886297,143.7900874635569,109.03790087463557,187.98833819241986,63.206997084548114,307.87172011661806,5.314285714285714,5.542857142857144,21.657142857142855,70.45714285714286,53.42857142857142,92.11428571428571,30.97142857142857,150.85714285714286,POINT (129.8277172202255 -15.86184945421661)
20,auv06_2012,auv06,20121011,129.68501037856342,-16.00775489353334,0.0,0.0,0.0,0.0,0.0,0.0,0.0,0.0,0.0,0.0,0.0,0.0,0.0,0.0,0.0,0.0,POINT (129.6850103785634 -16.00775489353334)
21,auv07_2012,auv07,20121011,129.69038506567236,-16.070365555840215,0.0,0.0,0.0,0.0,0.0,0.0,0.0,0.0,0.0,0.0,0.0,0.0,0.0,0.0,0.0,0.0,POINT (129.6903850656724 -16.07036555584022)
22,auv08_2012,auv08,20121011,129.62464028879674,-16.198472220813166,0.0,0.0,0.0,0.0,0.0,0.0,0.0,0.0,0.0,0.0,0.0,0.0,0.0,0.0,0.0,0.0,POINT (129.6246402887967 -16.19847222081317)
23,auv09_2012,auv09,20121011,129.64802397324448,-16.162631851674487,0.0,0.0,0.0,0.0,0.0,0.0,0.0,0.0,0.0,0.0,0.0,0.0,0.0,0.0,0.0,0.0,POINT (129.6480239732445 -16.16263185167449)
24,barkely01_2011,barkely01,20111025,135.0406863322195,-18.001776171675587,0.0,0.0,0.0,0.0,0.0,0.0,0.0,0.0,0.0,0.0,0.0,0.0,0.0,0.0,0.0,0.0,POINT (135.0406863322195 -18.00177617167559)
25,barkely02_2011,barkely02,20111026,135.25976004945392,-18.056976375045714,0.0,0.0,0.0,0.0,0.0,0.0,0.0,0.0,0.0,0.0,0.0,0.0,0.0,0.0,0.0,0.0,POINT (135.2597600494539 -18.05697637504571)
26,barkely03_2011,barkely03,20111026,135.2883664505653,-18.024523715139786,0.0,0.0,0.0,0.0,0.0,0.0,0.0,0.0,0.0,0.0,0.0,0.0,0.0,0.0,0.0,0.0,POINT (135.2883664505653 -18.02452371513979)
27,barkely04_2011,barkely04,20111026,135.22560384494855,-17.98480115708086,0.0,0.0,0.0,0.0,0.0,0.0,0.0,0.0,0.0,0.0,0.0,0.0,0.0,0.0,0.0,0.0,POINT (135.2256038449486 -17.98480115708086)
28,barkely05_2011,barkely05,20111027,135.08714383504486,-17.983891460642614,0.0,0.0,0.0,0.0,0.0,0.0,0.0,0.0,0.0,0.0,0.0,0.0,0.0,0.0,0.0,0.0,POINT (135.0871438350449 -17.98389146064261)
29,barkely06_2011,barkely06,20111027,135.25743784728755,-17.987039226215057,0.0,0.0,0.0,0.0,0.0,0.0,0.0,0.0,0.0,0.0,0.0,0.0,0.0,0.0,0.0,0.0,POINT (135.2574378472875 -17.98703922621506)
30,barkely07_2011,barkely07,20111027,135.60930951574304,-18.08531564548007,289.741641337386,289.86880466472303,1132.5801749271136,3684.6209912536438,2794.096209912536,4817.201166180756,1619.6793002915451,7889.212827988337,136.17857142857142,142.03571428571428,554.9642857142857,1805.4642857142856,1369.107142857143,2360.4285714285706,793.6428571428571,3865.7142857142853,POINT (135.609309515743 -18.08531564548007)
31,bc101_2024,bc101,20240524,131.2027603003722,-13.291690702572721,936.7781155015199,936.1516034985423,3587.0262390670564,15659.912536443151,8642.419825072888,19247.959183673476,5688.629737609331,28788.921282798838,440.28571428571433,458.7142857142857,1757.6428571428573,7673.357142857143,4234.785714285715,9431.500000000002,2787.4285714285716,14106.571428571433,POINT (131.2027603003722 -13.29169070257272)
32,buff01_2012,buff01,20120713,130.89859281446942,-12.336187131462983,1555.623100303951,1553.8629737609326,4550.291545189504,24978.79008746356,10609.402332361518,29529.081632653062,7031.778425655976,41630.61224489795,731.1428571428571,761.3928571428571,2229.642857142857,12239.607142857143,5198.607142857144,14469.249999999998,3445.5714285714284,20399.0,POINT (130.8985928144694 -12.33618713146298)
33,centa13_2013,centa13,20130602,133.35543801341595,-14.37659043909748,908.9665653495441,907.5801749271136,3033.8192419825073,17358.38192419825,7666.690962099125,20394.314868804657,4780.029154518949,28932.87172011661,427.21428571428567,444.71428571428567,1486.5714285714284,8505.607142857141,3756.678571428571,9993.214285714283,2342.214285714285,14177.107142857141,POINT (133.3554380134159 -14.37659043909748)
34,centa14_2012,centa14,20120602,133.292002658622,-14.403074825513823,1231.2310030395138,1229.9562682215746,3776.239067055393,18092.93002915452,8847.157434402334,21869.169096209916,5688.62973760933,31897.30320699709,578.6785714285714,602.6785714285714,1850.3571428571427,8865.535714285714,4335.107142857143,10715.892857142857,2787.4285714285716,15629.678571428572,POINT (133.292002658622 -14.40307482551382)
35,cpr01_2024,cpr01,20240602,130.9309200995863,-12.762038232761462,1000.6079027355623,999.1253644314868,3923.6151603498547,26226.676384839648,7963.994169096209,30150.583090379005,8137.900874635568,39074.34402332361,470.28571428571416,489.57142857142856,1922.571428571429,12851.071428571431,3902.3571428571418,14773.785714285714,3987.5714285714284,19146.42857142857,POINT (130.9309200995863 -12.76203823276146)
36,cpr02_2024,cpr02,20240602,130.89117949993326,-12.722681578007512,696.5045592705168,696.3556851311954,2557.434402332361,8130.174927113702,6181.486880466472,10687.609329446062,3634.402332361516,17537.17201166181,327.35714285714283,341.2142857142857,1253.142857142857,3983.785714285714,3028.928571428571,5236.928571428572,1780.857142857143,8593.214285714286,POINT (130.8911794999333 -12.72268157800751)
37,cpr03_2024,cpr03,20240602,130.8096937999255,-12.709415790883252,110.24316109422493,110.29154518950442,430.9329446064141,1401.9533527696797,1063.1195335276966,1832.8862973760931,616.2682215743441,3001.749271137027,51.81428571428572,54.04285714285715,211.1571428571429,686.9571428571429,520.9285714285714,898.1142857142858,301.97142857142865,1470.8571428571433,POINT (130.8096937999255 -12.70941579088325)
38,cpr04_2024,cpr04,20240602,130.76263900059286,-12.657997079899086,1285.5623100303947,1284.6938775510205,4830.320699708454,18673.61516034985,11782.65306122449,23505.247813411068,7268.804664723032,36520.99125364432,604.2142857142857,629.5,2366.857142857142,9150.07142857143,5773.5,11517.571428571426,3561.714285714286,17895.285714285714,POINT (130.7626390005929 -12.65799707989909)
39,el01_2013,el01,20130413,133.52494161437372,-17.54671064842244,0.0,0.0,0.0,0.0,0.0,0.0,0.0,0.0,0.0,0.0,0.0,0.0,0.0,0.0,0.0,0.0,POINT (133.5249416143737 -17.54671064842244)
40,el02_2013,el02,20130414,133.52878241429383,-17.52950643792164,373.130699088146,373.2944606413994,1458.542274052478,4745.0728862973765,3598.2507288629736,6203.615160349854,2085.830903790088,10159.766763848393,175.3714285714286,182.9142857142857,714.6857142857143,2325.0857142857144,1763.142857142857,3039.7714285714283,1022.0571428571428,4978.285714285713,POINT (133.5287824142938 -17.52950643792164)
41,ep01_2012,ep01,20120713,130.82164929122726,-12.411102721524573,2869.148936170213,2870.4081632653056,11215.30612244898,36486.73469387755,27668.367346938776,47702.04081632653,16038.775510204085,78122.44897959182,1348.5,1406.5,5495.5,17878.5,13557.5,23374.000000000004,7859.0,38280.0,POINT (130.8216492912273 -12.41110272152457)
42,fin101_2024,fin101,20240526,131.01499758817147,-12.644688880745294,844.6808510638298,843.8775510204083,3403.3527696793008,18477.69679300292,7610.349854227406,21881.778425655983,6241.690962099126,30302.332361516033,397.0,413.5,1667.642857142857,9054.07142857143,3729.071428571429,10722.07142857143,3058.4285714285716,14848.142857142857,POINT (131.0149975881715 -12.64468888074529)
43,fin102_2024,fin102,20240526,131.02303255401256,-12.642996550981081,3632.2188449848027,3628.571428571429,12333.527696793002,55999.125364431486,28060.349854227406,68332.6530612245,19752.18658892128,99876.96793002916,1707.1428571428573,1778.0,6043.428571428572,27439.571428571428,13749.571428571431,33483.0,9678.571428571428,48939.714285714275,POINT (131.0230325540126 -12.64299655098108)
44,girra01_2012,girra01,20120605,131.07802192217,-12.514122936055012,2601.950354609929,2597.959183673469,8639.795918367345,45233.33333333333,18576.87074829932,53874.319727891154,14932.65306122449,74946.93877551019,1222.9166666666665,1272.9999999999998,4233.499999999999,22164.33333333333,9102.666666666666,26398.416666666664,7317.0,36723.999999999985,POINT (131.07802192217 -12.51412293605501)
45,girra02_2012,girra02,20120605,131.1320003975128,-12.523406656210543,477.7203647416414,477.930029154519,1867.3760932944608,6075.131195335278,4606.851311953354,7942.507288629738,2670.4956268221576,13007.580174927112,224.52857142857144,234.1857142857143,915.0142857142856,2976.8142857142857,2257.357142857143,3891.8285714285716,1308.5428571428572,6373.714285714284,POINT (131.1320003975128 -12.52340665621054)
46,gulf10_2013,gulf10,20130716,136.27935030046595,-16.02554408027193,964.741641337386,963.1195335276967,3222.157434402332,20314.21282798834,6686.078717201166,23536.370262390676,6123.177842565598,31147.81341107872,453.4285714285714,471.9285714285714,1578.8571428571427,9953.964285714286,3276.178571428571,11532.821428571431,3000.357142857143,15262.428571428572,POINT (136.2793503004659 -16.02554408027193)
47,gulf11_2013,gulf11,20130716,136.5989968774067,-16.08907702212583,1666.261398176292,1663.4110787172012,4818.148688046646,27810.276967930033,10601.822157434404,32628.42565597668,7979.883381924201,44828.498542274065,783.1428571428572,815.0714285714287,2360.892857142857,13627.035714285716,5194.892857142859,15987.928571428572,3910.1428571428582,21965.964285714286,POINT (136.5989968774067 -16.08907702212583)
48,gulf12_2013,gulf12,20130716,136.55609939976617,-16.12624416006253,0.0,0.0,0.0,0.0,0.0,0.0,0.0,0.0,0.0,0.0,0.0,0.0,0.0,0.0,0.0,0.0,POINT (136.5560993997662 -16.12624416006253)
49,hsf01_2012,hsf01,20120710,131.03132931286336,-12.469290179747652,3912.158054711247,3913.7026239067054,15287.026239067056,50344.752186588914,37661.37026239067,65631.92419825074,21964.43148688047,107045.77259475221,1838.7142857142856,1917.7142857142856,7490.642857142857,24668.92857142857,18454.071428571428,32159.642857142862,10762.57142857143,52452.428571428565,POINT (131.0313293128634 -12.46929017974765)
50,hsf02_2012,hsf02,20120710,131.04619400045854,-12.473082239958165,4073.55623100304,4074.781341107872,15583.819241982505,53161.51603498542,38285.71428571429,68745.33527696793,22438.483965014577,110938.3381924198,1914.5714285714284,1996.6428571428567,7636.071428571427,26049.14285714285,18760.0,33685.21428571428,10994.857142857143,54359.7857142857,POINT (131.0461940004585 -12.47308223995817)
51,hshr01_2012,hshr01,20120606,131.0620726815403,-12.416565823874741,5729.4832826747715,5728.862973760933,21277.259475218656,68256.26822157437,51575.21865889213,89533.52769679301,30339.358600583088,146604.37317784256,2692.857142857143,2807.142857142857,10425.85714285714,33445.571428571435,25271.857142857138,43871.42857142857,14866.285714285714,71836.14285714286,POINT (131.0620726815403 -12.41656582387474)
52,jdr01_2012,jdr01,20120522,131.59969977590038,-13.88378624750307,2075.1519756838898,2071.355685131195,8556.778425655975,62851.311953352764,16018.950437317782,71408.09037900875,19436.15160349854,89417.49271137023,975.3214285714283,1014.9642857142856,4192.821428571428,30797.14285714285,7849.285714285714,34989.96428571428,9523.714285714283,43814.57142857142,POINT (131.5996997759004 -13.88378624750307)
53,jdr02_2012,jdr02,20120523,131.60024570659297,-13.85726623878167,3523.100303951368,3518.950437317785,10174.344023323616,57321.282798833825,23666.472303207003,67495.62682215744,15801.749271137029,94541.39941690963,1655.857142857143,1724.2857142857144,4985.428571428572,28087.42857142857,11596.571428571431,33072.857142857145,7742.857142857143,46325.285714285725,POINT (131.600245706593 -13.85726623878167)
54,jdr03_2012,jdr03,20120523,131.56790937486412,-13.846884382727326,1710.1823708206687,1710.932944606414,6684.985422740524,21748.25072886297,16491.98250728863,28433.236151603494,9560.0583090379,46565.597667638474,803.7857142857142,838.3571428571428,3275.642857142857,10656.642857142857,8081.071428571428,13932.285714285714,4684.428571428572,22817.14285714285,POINT (131.5679093748641 -13.84688438272733)
55,jdr04_2012,jdr04,20120523,131.59772903406258,-13.974668971715625,572.4164133738602,572.667638483965,2237.5364431486882,7279.3731778425645,5520.043731778424,9516.909620991253,3199.854227405248,15586.005830903789,269.0357142857143,280.60714285714283,1096.392857142857,3566.892857142857,2704.821428571428,4663.285714285714,1567.928571428571,7637.142857142857,POINT (131.5977290340626 -13.97466897171562)
56,jdr05_2012,jdr05,20120524,131.62526993919104,-14.111266942729394,0.0,0.0,0.0,0.0,0.0,0.0,0.0,0.0,0.0,0.0,0.0,0.0,0.0,0.0,0.0,0.0,POINT (131.625269939191 -14.11126694272939)
57,jnk101_2024,jnk101,20240526,130.9846922815218,-12.589930051704242,2050.911854103344,2048.3965014577266,6874.344023323616,29644.897959183672,15494.460641399419,36519.241982507294,10903.20699708455,53980.90379008748,963.9285714285717,1003.714285714286,3368.4285714285716,14526.0,7592.2857142857165,17894.428571428572,5342.571428571428,26450.642857142866,POINT (130.9846922815218 -12.58993005170424)
58,jnk102_2024,jnk102,20240526,130.99120299812228,-12.595088024259562,1829.2160502641723,1826.3153775412372,6348.1519165672025,37212.808421546964,13336.72491048193,43561.10708904846,11851.311953352772,58652.38617019193,859.7315436241611,894.8945349952063,3110.594439117929,18234.276126558012,6534.995206136145,21344.942473633746,5807.142857142857,28739.66922339405,POINT (130.9912029981223 -12.59508802425956)
59,jnk103_2024,jnk103,20240526,131.01499451787762,-12.611764716000453,1921.428571428572,1917.0553935860064,5990.087463556853,35100.437317784264,12117.930029154522,41090.524781341104,11061.22448979592,55051.457725947526,903.0714285714287,939.3571428571429,2935.1428571428582,17199.21428571429,5937.785714285716,20134.35714285714,5420.0,26975.214285714294,POINT (131.0149945178776 -12.61176471600045)
60,larr15_2013,larr15,20130531,133.10752770022341,-15.207994209845705,264.62765957446805,264.2857142857143,766.4540816326532,4069.8979591836737,1773.2142857142858,4836.352040816327,1175.2551020408166,6863.392857142857,124.375,129.5,375.5625,1994.25,868.875,2369.8125,575.875,3363.0625,POINT (133.1075277002234 -15.2079942098457)
61,legu01_2012,legu01,20121005,129.25526910041296,-15.382661895916247,339.20972644376906,339.35860058309044,1325.9475218658893,4313.7026239067045,3271.1370262390674,5639.650145772595,1896.2099125364432,9236.151603498543,159.42857142857144,166.28571428571433,649.7142857142858,2113.714285714286,1602.857142857143,2763.4285714285716,929.1428571428572,4525.714285714286,POINT (129.255269100413 -15.38266189591625)
62,legu02_2012,legu02,20121005,129.30188667529683,-15.16619152787618,0.0,0.0,0.0,0.0,0.0,0.0,0.0,0.0,0.0,0.0,0.0,0.0,0.0,0.0,0.0,0.0,POINT (129.3018866752968 -15.16619152787618)
63,legu03_2012,legu03,20121006,129.46391793163474,-15.125105963590551,0.0,0.0,0.0,0.0,0.0,0.0,0.0,0.0,0.0,0.0,0.0,0.0,0.0,0.0,0.0,0.0,POINT (129.4639179316347 -15.12510596359055)
64,legu04_2012,legu04,20121007,129.25752276926121,-15.396699720453803,620.8814589665654,619.9708454810493,1811.4868804664718,8631.516034985423,4156.763848396501,10443.002915451894,2717.900874635569,15195.30612244898,291.81428571428575,303.78571428571416,887.6285714285713,4229.442857142857,2036.8142857142857,5117.071428571428,1331.7714285714287,7445.700000000002,POINT (129.2575227692612 -15.3966997204538)
65,legu05_2012,legu05,20121007,129.24083843638635,-15.385715701054187,673.1003039513679,673.061224489796,2563.26530612245,10390.699708454811,6075.539358600584,12953.965014577258,3997.842565597669,19675.13119533528,316.3571428571429,329.80000000000007,1256.0000000000005,5091.442857142858,2977.014285714285,6347.442857142856,1958.9428571428573,9640.814285714288,POINT (129.2408384363864 -15.38571570105419)
66,legu06_2012,legu06,20121007,129.17577273028243,-15.325699767062831,1180.1671732522798,1180.6851311953349,4613.192419825074,15008.090379008745,11380.830903790087,19621.282798833818,6597.2303206997085,32134.110787172012,554.6785714285714,578.5357142857142,2260.464285714286,7353.964285714284,5576.607142857142,9614.428571428572,3232.642857142857,15745.714285714284,POINT (129.1757727302824 -15.32569976706283)
67,legu07_2012,legu07,20121008,129.12848109540147,-15.379878082919705,1207.5227963525838,1206.4868804664725,4527.915451895045,24885.204081632663,9865.816326530612,29413.119533527697,8256.413994169097,40437.17201166181,567.5357142857142,591.1785714285714,2218.678571428572,12193.750000000002,4834.25,14412.428571428569,4045.6428571428582,19814.214285714286,POINT (129.1284810954015 -15.3798780829197)
68,legu08_2012,legu08,20121008,129.17040523704608,-15.438407632386577,584.9544072948328,584.0524781341107,1956.3556851311953,13053.498542274052,4075.830903790088,15009.854227405249,3776.61807580175,19646.763848396506,274.9285714285714,286.18571428571425,958.6142857142858,6396.214285714284,1997.1571428571426,7354.828571428572,1850.5428571428574,9626.914285714283,POINT (129.1704052370461 -15.43840763238658)
69,lfr101_2024,lfr101,20240526,130.8388958542966,-12.811394520522127,2374.7720364741635,2371.4285714285706,7697.959183673471,40209.03790087463,17274.344023323614,47907.58017492711,12799.416909620992,67459.76676384838,1116.1428571428567,1161.9999999999998,3772.0,19702.42857142857,8464.42857142857,23474.714285714286,6271.714285714284,33055.28571428571,POINT (130.8388958542966 -12.81139452052213)
70,lfr102_2024,lfr102,20240526,130.832636253698,-12.892754027463337,1800.9118541033429,1800.5830903790086,6779.008746355684,28770.84548104956,15932.361516034984,35549.854227405245,10745.189504373178,53209.620991253636,846.4285714285713,882.2857142857141,3321.7142857142853,14097.714285714284,7806.857142857141,17419.42857142857,5265.142857142857,26072.714285714283,POINT (130.832636253698 -12.89275402746334)
71,lim01_2012,lim01,20120529,135.7442053309193,-16.313870265981134,801.9756838905777,801.8367346938776,2956.501457725948,9413.265306122452,7155.772594752187,12369.766763848396,4203.265306122451,20294.781341107868,376.92857142857144,392.9,1448.6857142857143,4612.500000000001,3506.328571428571,6061.185714285714,2059.600000000001,9944.442857142856,POINT (135.7442053309193 -16.31387026598113)
72,lim03_2012,lim03,20120530,135.68783603142174,-16.450205866489053,1543.0851063829791,1541.0349854227404,5040.88921282799,15259.985422740527,11669.460641399419,20300.874635568514,7071.2827988338195,33450.437317784264,725.2500000000001,755.1071428571429,2470.035714285715,7477.392857142858,5718.035714285716,9947.428571428572,3464.9285714285716,16390.714285714286,POINT (135.6878360314217 -16.45020586648905)
73,lim04_2012,lim04,20120530,135.68825060839927,-16.485670792594394,487.08206686930083,487.25947521865885,1890.758017492712,6136.00583090379,4654.314868804665,8026.763848396501,2702.0991253644315,13148.279883381923,228.92857142857144,238.75714285714284,926.4714285714286,3006.642857142857,2280.614285714286,3933.1142857142854,1324.0285714285715,6442.657142857142,POINT (135.6882506083993 -16.48567079259439)
74,lim06_2012,lim06,20120530,135.7115911286766,-16.30822449693309,942.8571428571429,942.5072886297376,3408.104956268221,10768.513119533527,8193.236151603498,14176.618075801747,4835.3352769679295,23274.227405247813,443.1428571428572,461.8285714285714,1669.9714285714285,5276.571428571428,4014.6857142857134,6946.5428571428565,2369.3142857142857,11404.371428571429,POINT (135.7115911286766 -16.30822449693309)
75,lim08_2013,lim08,20130601,135.30509349982486,-15.23416616978125,0.0,0.0,0.0,0.0,0.0,0.0,0.0,0.0,0.0,0.0,0.0,0.0,0.0,0.0,0.0,0.0,POINT (135.3050934998249 -15.23416616978125)
76,lim09_2013,lim09,20130601,135.3548298002856,-15.37926174966222,0.0,0.0,0.0,0.0,0.0,0.0,0.0,0.0,0.0,0.0,0.0,0.0,0.0,0.0,0.0,0.0,POINT (135.3548298002856 -15.37926174966222)
77,lit01_2013,lit01,20130426,131.06191720062165,-12.547912282106116,4264.4376899696035,4258.600583090379,13063.265306122448,59553.93586005831,29852.478134110785,72617.20116618075,19910.204081632648,106560.0583090379,2004.2857142857142,2086.7142857142853,6400.999999999999,29181.42857142857,14627.714285714284,35582.428571428565,9756.0,52214.428571428565,POINT (131.0619172006217 -12.54791228210612)
78,lto04_2013,lto04,20130528,130.77696899988337,-13.169731950197272,0.0,0.0,0.0,0.0,0.0,0.0,0.0,0.0,0.0,0.0,0.0,0.0,0.0,0.0,0.0,0.0,POINT (130.7769689998834 -13.16973195019727)
79,lto05_2013,lto05,20130528,130.77800299963457,-13.158354129825511,0.0,0.0,0.0,0.0,0.0,0.0,0.0,0.0,0.0,0.0,0.0,0.0,0.0,0.0,0.0,0.0,POINT (130.7780029996346 -13.15835412982551)
80,nc02_2013,nc02,20130414,133.40975540254902,-17.353833721986803,975.227963525836,975.6559766763851,3812.099125364432,12401.89504373178,9404.518950437321,16213.994169096211,5451.603498542274,26553.93586005831,458.3571428571428,478.0714285714286,1867.9285714285716,6076.928571428573,4608.214285714286,7944.857142857143,2671.285714285714,13011.428571428572,POINT (133.409755402549 -17.3538337219868)
81,nc03_2013,nc03,20130414,133.41858120339074,-17.365940251763142,551.2158054711248,551.4577259475219,2154.6647230320705,7009.766763848396,5315.5976676384835,9164.431486880467,3081.3411078717204,15008.746355685133,259.07142857142856,270.2142857142857,1055.7857142857144,3434.785714285714,2604.642857142857,4490.571428571428,1509.857142857143,7354.285714285714,POINT (133.4185812033907 -17.36594025176314)
82,nt001_2011,nt001,20110523,131.20957667827636,-13.94519607911641,0.0,0.0,0.0,0.0,0.0,0.0,0.0,0.0,0.0,0.0,0.0,0.0,0.0,0.0,0.0,0.0,POINT (131.2095766782764 -13.94519607911641)
83,nt002_2012,nt002,20120523,131.21832663520755,-13.934318423052124,0.0,0.0,0.0,0.0,0.0,0.0,0.0,0.0,0.0,0.0,0.0,0.0,0.0,0.0,0.0,0.0,POINT (131.2183266352075 -13.93431842305212)
84,nt003_2012,nt003,20120523,131.18243299557471,-13.846584686008296,0.0,0.0,0.0,0.0,0.0,0.0,0.0,0.0,0.0,0.0,0.0,0.0,0.0,0.0,0.0,0.0,POINT (131.1824329955747 -13.8465846860083)
85,nt004_2012,nt004,20120524,130.86074394855595,-13.05887520811261,0.0,0.0,0.0,0.0,0.0,0.0,0.0,0.0,0.0,0.0,0.0,0.0,0.0,0.0,0.0,0.0,POINT (130.8607439485559 -13.05887520811261)
86,ntaarp0001_2016,NTAARP0001,20160602,132.2701,-13.55729,4130.921985815597,4129.9773242630345,15145.555555555533,48120.816326530534,36589.342403628056,63266.37188208608,21520.22675736958,103818.0272108842,1941.5333333333303,2023.6888888888864,7421.32222222221,23579.199999999964,17928.77777777775,31000.522222222175,10544.911111111094,50870.83333333325,POINT (132.2701 -13.55729)
87,ntaarp0002_2016,NTAARP0002,20160602,132.2944,-13.54561,3604.216312056739,3603.6768707483016,13317.914965986402,42440.846938775525,32259.370748299338,55758.76190476193,18938.659863945584,91475.23809523815,1693.9816666666675,1765.8016666666674,6525.778333333336,20796.015000000007,15807.091666666674,27321.793333333346,9279.943333333336,44822.86666666668,POINT (132.2944 -13.54561)
88,ntaarp0003_2016,NTAARP0003,20160603,132.4571,-13.51697,2605.567375886525,2605.5442176870747,9761.088435374151,31268.265306122452,23752.891156462592,41029.353741496605,13900.272108843536,67281.46258503402,1224.6166666666668,1276.7166666666667,4782.933333333333,15321.45,11638.916666666668,20104.38333333333,6811.133333333332,32967.91666666667,POINT (132.4571 -13.51697)
89,ntadac0001_2013,NTADAC0001,20130528,130.7779,-13.15835,3053.451536643026,3052.4716553287976,11514.058956916098,43716.8140589569,27016.972789115644,55230.873015872996,17802.426303854867,85176.66666666664,1435.122222222222,1495.7111111111108,5641.888888888888,21421.23888888888,13238.316666666666,27063.12777777777,8723.188888888886,41736.56666666665,POINT (130.7779 -13.15835)
90,ntadac0002_2016,NTADAC0002,20160506,132.3403,-12.73922,2689.257683215131,2688.104308390023,10250.392290249434,42429.33333333335,23607.369614512474,52679.72562358278,16563.569160997737,78866.58730158732,1263.9511111111115,1317.1711111111113,5022.692222222223,20790.37333333334,11567.611111111111,25813.06555555556,8116.148888888892,38644.62777777779,POINT (132.3403 -12.73922)
91,ntagfu0001_2012,NTAGFU0001,20120412,137.0693,-18.90551,234.97340425531917,235.0765306122449,918.4948979591836,2988.137755102041,2265.9438775510207,3906.632653061225,1313.5204081632653,6397.959183673471,110.4375,115.1875,450.0625,1464.1875,1110.3125,1914.25,643.625,3135.0,POINT (137.0693 -18.90551)
92,ntagfu0002_2012,NTAGFU0002,20120413,137.0522,-18.918120000000002,178.08510638297875,178.16326530612244,696.1224489795918,2264.693877551021,1717.34693877551,2960.816326530612,995.5102040816327,4848.979591836735,83.7,87.3,341.1,1109.7,841.5,1450.8,487.8,2376.0,POINT (137.0522 -18.91812)
93,ntagfu0003_2012,NTAGFU0003,20120414,137.1244,-18.63437,724.4326241134751,724.7505668934239,2831.757369614512,9212.551020408158,6985.997732426303,12044.308390022674,4049.6371882086155,19725.170068027204,340.48333333333323,355.12777777777774,1387.561111111111,4514.149999999999,3423.138888888888,5901.71111111111,1984.3222222222214,9665.33333333333,POINT (137.1244 -18.63437)
94,ntagfu0004_2012,NTAGFU0004,20120415,137.1235,-18.62406,0.0,0.0,0.0,0.0,0.0,0.0,0.0,0.0,0.0,0.0,0.0,0.0,0.0,0.0,0.0,0.0,POINT (137.1235 -18.62406)
95,ntagfu0005_2012,NTAGFU0005,20120416,137.1211,-18.65319,236.9521276595745,237.0561224489796,926.2295918367348,3013.3010204081634,2285.025510204081,3939.5306122448983,1324.5816326530612,6451.8367346938785,111.3675,116.1575,453.8525,1476.5175,1119.6625,1930.37,649.045,3161.4,POINT (137.1211 -18.65319)
96,ntagfu0006_2012,NTAGFU0006,20120418,136.8471,-18.77869,0.0,0.0,0.0,0.0,0.0,0.0,0.0,0.0,0.0,0.0,0.0,0.0,0.0,0.0,0.0,0.0,POINT (136.8471 -18.77869)
97,ntagfu0007_2012,NTAGFU0007,20120419,136.8262,-18.77691,0.0,0.0,0.0,0.0,0.0,0.0,0.0,0.0,0.0,0.0,0.0,0.0,0.0,0.0,0.0,0.0,POINT (136.8262 -18.77691)
98,ntagfu0008_2012,NTAGFU0008,20120420,136.8653,-18.78608,0.0,0.0,0.0,0.0,0.0,0.0,0.0,0.0,0.0,0.0,0.0,0.0,0.0,0.0,0.0,0.0,POINT (136.8653 -18.78608)
99,ntagfu0009_2012,NTAGFU0009,20120421,136.9834,-18.80098,297.9078014184407,298.03854875283537,1164.5011337868516,3788.469387755113,2872.8458049886713,4952.970521541964,1665.3287981859464,8111.564625850364,140.0166666666671,146.03888888888932,570.6055555555572,1856.3500000000051,1407.694444444449,2426.9555555555626,816.0111111111138,3974.6666666666783,POINT (136.9834 -18.80098)
100,ntagfu0010_2012,NTAGFU0010,20120509,137.1006,-17.896279999999997,197.87234042553192,197.9591836734694,773.4693877551019,2516.326530612245,1908.1632653061224,3289.795918367347,1106.1224489795916,5387.755102040816,93.0,97.0,379.0,1233.0,935.0,1612.0,542.0,2640.0,POINT (137.1006 -17.89628)
101,ntagfu0011_2012,NTAGFU0011,20120510,137.0724,-17.89571,388.6542553191491,388.8248299319729,1519.2227891156463,4942.484693877553,3747.950680272109,6461.707482993198,2172.608843537415,10582.448979591838,182.66750000000005,190.52416666666667,744.4191666666667,2421.817500000001,1836.4958333333332,3166.2366666666667,1064.5783333333334,5185.4000000000015,POINT (137.0724 -17.89571)
102,ntagfu0012_2012,NTAGFU0012,20120511,137.019,-17.89564,274.8226950354612,274.94331065759656,1074.2630385487537,3494.897959183677,2650.2267573696163,4569.16099773243,1536.2811791383233,7482.993197278917,129.16666666666677,134.72222222222229,526.3888888888894,1712.5000000000016,1298.611111111112,2238.8888888888905,752.7777777777783,3666.666666666669,POINT (137.019 -17.89564)
103,ntagfu0013_2012,NTAGFU0013,20120512,137.0116,-17.89591,360.56737588652436,360.72562358276605,1409.4331065759618,4585.306122448976,3477.097505668931,5994.739229024936,2015.6009070294767,9817.68707482992,169.46666666666647,176.7555555555553,690.6222222222214,2246.7999999999975,1703.7777777777758,2937.4222222222193,987.6444444444434,4810.666666666661,POINT (137.0116 -17.89591)
104,ntagfu0014_2012,NTAGFU0014,20120514,136.9389,-17.75179,399.04255319148933,399.2176870748297,1559.8299319727885,5074.591836734692,3848.1292517006787,6634.421768707481,2230.6802721088425,10865.306122448976,187.54999999999995,195.6166666666666,764.3166666666664,2486.5499999999993,1885.5833333333328,3250.866666666665,1093.0333333333328,5323.999999999998,POINT (136.9389 -17.75179)
105,ntagfu0015_2012,NTAGFU0015,20120514,136.94299999999998,-17.74446,293.84042553191495,293.9693877551021,1148.6020408163267,3736.744897959184,2833.6224489795923,4885.34693877551,1642.591836734694,8000.816326530613,138.10500000000002,144.04500000000004,562.815,1831.005,1388.475,2393.82,804.87,3920.4,POINT (136.943 -17.74446)
106,ntagfu0016_2012,NTAGFU0016,20120516,137.2603,-17.22089,466.405775075988,466.3241010689992,1719.1010689990287,5473.097667638485,4160.570942662781,7192.198736637513,2444.003887269195,11800.138483965016,219.21071428571437,228.4988095238096,842.3595238095239,2681.817857142858,2038.6797619047625,3524.1773809523816,1197.5619047619052,5782.067857142859,POINT (137.2603 -17.22089)
107,ntagfu0017_2012,NTAGFU0017,20120517,137.158,-17.3549,0.0,0.0,0.0,0.0,0.0,0.0,0.0,0.0,0.0,0.0,0.0,0.0,0.0,0.0,0.0,0.0,POINT (137.158 -17.3549)
108,ntagfu0018_2012,NTAGFU0018,20120518,137.1834,-17.272489999999998,0.0,0.0,0.0,0.0,0.0,0.0,0.0,0.0,0.0,0.0,0.0,0.0,0.0,0.0,0.0,0.0,POINT (137.1834 -17.27249)
109,ntagfu0019_2012,NTAGFU0019,20120518,137.2363,-17.21774,394.8794326241134,394.798185941043,1451.0702947845805,4614.408163265305,3508.2766439909287,6065.478458049886,2062.303854875283,9952.517006802718,185.59333333333328,193.45111111111103,711.0244444444443,2261.0599999999995,1719.0555555555552,2972.0844444444438,1010.5288888888887,4876.733333333332,POINT (137.2363 -17.21774)
110,ntagfu0020_2012,NTAGFU0020,20120605,135.9633,-16.724870000000003,1179.5390070921985,1180.0566893424036,4610.736961451247,15000.102040816326,11374.773242630383,19610.83900226757,6593.718820861678,32117.006802721087,554.3833333333332,578.2277777777776,2259.261111111111,7350.049999999998,5573.638888888888,9609.31111111111,3230.9222222222224,15737.333333333332,POINT (135.9633 -16.72487)
111,ntagfu0021_2012,NTAGFU0021,20120606,135.9429,-16.7154,598.9171732522789,599.1800291545181,2341.126093294457,7616.381195335266,5775.6013119533445,9957.507288629724,3347.9956268221526,16307.58017492709,281.49107142857105,293.5982142857139,1147.151785714284,3732.02678571428,2830.0446428571386,4879.178571428564,1640.5178571428548,7990.7142857142735,POINT (135.9429 -16.7154)
112,ntagfu0022_2012,NTAGFU0022,20120607,135.9634,-16.73101,338.8563829787234,339.0051020408164,1324.566326530612,4309.209183673469,3267.7295918367354,5633.775510204082,1894.2346938775506,9226.530612244898,159.2625,166.1125,649.0374999999998,2111.5125,1601.1875,2760.55,928.175,4521.0,POINT (135.9634 -16.73101)
113,ntagfu0023_2012,NTAGFU0023,20120609,135.83,-16.82389,0.0,0.0,0.0,0.0,0.0,0.0,0.0,0.0,0.0,0.0,0.0,0.0,0.0,0.0,0.0,0.0,POINT (135.83 -16.82389)
114,ntagfu0024_2012,NTAGFU0024,20120610,135.8932,-16.826,105.53191489361696,105.57823129251692,412.51700680272086,1342.0408163265295,1017.6870748299314,1754.557823129251,589.9319727891152,2873.469387755101,49.59999999999997,51.7333333333333,202.1333333333332,657.5999999999996,498.6666666666664,859.7333333333328,289.0666666666665,1407.999999999999,POINT (135.8932 -16.826)
115,ntagfu0025_2012,NTAGFU0025,20120610,135.8552,-16.82524,1101.8191489361695,1102.3027210884347,4306.935374149657,14011.744897959175,10625.289115646252,18318.68027210883,6159.258503401357,30000.816326530592,517.8549999999997,540.128333333333,2110.3983333333317,6865.7549999999965,5206.391666666664,8976.153333333328,3018.036666666665,14700.39999999999,POINT (135.8552 -16.82524)
116,ntagfu0026_2012,NTAGFU0026,20120612,135.4061,-15.809120000000002,589.7872340425539,589.7278911564632,2189.829931972792,6991.224489795926,5312.925170068034,9181.05442176872,3115.5782312925207,15059.69387755104,277.2000000000004,288.966666666667,1073.0166666666678,3425.7000000000044,2603.333333333337,4498.716666666673,1526.6333333333353,7379.250000000008,POINT (135.4061 -15.80912)
117,ntagfu0027_2012,NTAGFU0027,20120613,135.4606,-15.67927,953.9787234042552,954.1428571428571,3636.551020408163,11724.428571428572,8899.897959183672,15360.97959183673,5187.714285714285,25175.918367346938,448.37,467.52999999999986,1781.91,5744.97,4360.95,7526.879999999999,2541.98,12336.2,POINT (135.4606 -15.67927)
118,ntagfu0028_2012,NTAGFU0028,20120614,135.4598,-15.62924,802.5768321513003,802.0181405895693,3003.197278911565,12768.775510204085,6808.639455782313,15771.972789115645,4928.390022675738,23350.43083900227,377.2111111111112,392.98888888888894,1471.5666666666668,6256.700000000002,3336.2333333333336,7728.266666666666,2414.9111111111115,11441.711111111112,POINT (135.4598 -15.62924)
119,ntagfu0029_2012,NTAGFU0029,20120615,135.409,-15.5381,561.1879432624113,561.4342403628118,2193.6451247165533,7136.581632653061,5411.763038548753,9330.226757369615,3137.086167800453,15280.272108843536,263.75833333333327,275.10277777777776,1074.886111111111,3496.925,2651.7638888888887,4571.811111111111,1537.172222222222,7487.333333333332,POINT (135.409 -15.5381)
120,ntagfu0030_2012,NTAGFU0030,20120705,134.3778,-14.1349,972.8723404255327,973.2993197278917,3802.891156462588,12371.938775510214,9381.802721088443,16174.8299319728,5438.435374149663,26489.795918367363,457.2500000000004,476.91666666666686,1863.416666666668,6062.250000000005,4597.083333333337,7925.66666666667,2664.833333333335,12980.000000000007,POINT (134.3778 -14.1349)
121,ntagfu0031_2012,NTAGFU0031,20120706,134.3867,-14.125860000000001,791.3833586626141,791.7306851311954,3093.4631924198247,10063.958090379008,7631.630830903791,13157.421282798832,4423.8972303207,21548.134110787174,371.9501785714286,387.9480357142857,1515.796964285714,4931.339464285715,3739.4991071428576,6447.13642857143,2167.709642857143,10558.585714285717,POINT (134.3867 -14.12586)
122,ntagfu0032_2012,NTAGFU0032,20120707,134.3736,-14.150620000000002,378.4308510638297,378.5969387755102,1479.2602040816328,4812.474489795919,3649.362244897959,6291.734693877551,2115.4591836734694,10304.081632653062,177.8625,185.5125,724.8375000000002,2358.1125,1788.1875,3082.95,1036.575,5049.0,POINT (134.3736 -14.15062)
123,ntagfu0033_2012,NTAGFU0033,20120708,134.3555,-14.176960000000001,3630.9574468085107,3632.551020408163,14193.163265306122,46174.5918367347,35014.795918367345,60367.75510204082,20297.34693877551,98865.30612244898,1706.55,1779.95,6954.65,22625.55,17157.25,29580.2,9945.7,48444.0,POINT (134.3555 -14.17696)
124,ntagfu0034_2012,NTAGFU0034,20120709,134.4216,-14.06223,1381.396276595745,1382.0025510204084,5399.783163265307,17567.104591836734,13321.364795918369,22966.88775510204,7722.117346938776,37613.26530612245,649.25625,677.18125,2645.89375,8607.88125,6527.46875,11253.775,3783.8375,18430.5,POINT (134.4216 -14.06223)
125,ntagfu0035_2012,NTAGFU0035,20120710,134.4207,-14.04786,1286.9946808510647,1287.5595238095245,5030.773809523813,16366.60714285715,12411.011904761912,21397.380952380965,7194.404761904766,35042.85714285717,604.8875000000004,630.904166666667,2465.0791666666682,8019.6375000000035,6081.395833333338,10484.716666666673,3525.2583333333355,17171.00000000001,POINT (134.4207 -14.04786)
126,ntagfu0036_2012,NTAGFU0036,20120711,133.863,-14.674570000000001,1901.7730496453894,1902.6077097505663,7433.900226757371,24184.693877551017,18339.569160997733,31618.594104308384,10631.065759637184,51782.31292517006,893.8333333333331,932.2777777777776,3642.611111111111,11850.499999999998,8986.388888888887,15493.111111111108,5209.222222222221,25373.33333333333,POINT (133.863 -14.67457)
127,ntagfu0037_2012,NTAGFU0037,20120712,133.8924,-14.673670000000001,1571.436170212766,1572.1258503401361,6142.63605442177,19983.826530612252,15153.996598639458,26126.462585034013,8784.455782312925,42787.755102040814,738.575,770.3416666666667,3009.891666666667,9792.075,7425.458333333334,12801.966666666667,4304.383333333333,20966.0,POINT (133.8924 -14.67367)
128,ntagfu0038_2012,NTAGFU0038,20120712,133.8937,-14.689979999999998,3114.2907801418523,3115.65759637189,12173.548752834497,39604.18367346949,30032.36961451255,51777.732426303985,17409.13832199551,84797.27891156485,1463.7166666666706,1526.6722222222265,5965.038888888904,19406.05000000005,14715.86111111115,25371.08888888896,8530.4777777778,41550.666666666766,POINT (133.8937 -14.68998)
129,ntagfu0039_2012,NTAGFU0039,20120714,133.8823,-14.6768,1136.941489361702,1137.4404761904761,4444.22619047619,14458.392857142857,10963.988095238094,18902.61904761905,6355.595238095238,30957.142857142862,534.3625,557.3458333333333,2177.670833333333,7084.612499999998,5372.354166666666,9262.283333333333,3114.2416666666663,15169.0,POINT (133.8823 -14.6768)
130,ntagfu0040_2012,NTAGFU0040,20120715,133.8448,-14.67371,1107.4667553191491,1107.9528061224491,4329.011479591836,14083.565051020407,10679.751275510203,18412.576530612245,6190.829081632653,30154.591836734693,520.509375,542.896875,2121.215625,6900.946875,5233.078125,9022.1625,3033.50625,14775.75,POINT (133.8448 -14.67371)
131,ntagfu0041_2016,NTAGFU0041,20160502,132.8915,-14.77999,1947.0820668693,1945.0728862973751,6570.539358600578,20179.41690962098,15404.810495626814,26749.95626822156,9251.924198250725,44022.376093294435,915.128571428571,953.0857142857138,3219.564285714284,9887.91428571428,7548.357142857139,13107.478571428564,4533.442857142854,21570.964285714275,POINT (132.8915 -14.77999)
132,ntamgd0001_2014,NTAMGD0001,20140313,137.3271,-20.023020000000002,883.8297872340432,884.2176870748308,3454.8299319727917,11239.591836734702,8523.129251700688,14694.421768707494,4940.680272108847,24065.306122448997,415.4000000000003,433.2666666666671,1692.8666666666684,5507.400000000003,4176.333333333337,7200.266666666674,2420.9333333333348,11792.00000000001,POINT (137.3271 -20.02302)
133,ntamgd0002_2014,NTAMGD0002,20140312,137.3258,-20.024639999999998,0.0,0.0,0.0,0.0,0.0,0.0,0.0,0.0,0.0,0.0,0.0,0.0,0.0,0.0,0.0,0.0,POINT (137.3258 -20.02464)
134,ntamgd0003_2016,NTAMGD0003,20160428,133.4389,-17.35821,457.85460992907826,458.0555555555557,1789.7222222222229,5822.500000000003,4415.277777777779,7612.222222222226,2559.4444444444457,12466.666666666672,215.1916666666668,224.44722222222234,876.9638888888893,2853.025000000001,2163.486111111112,3729.988888888891,1254.1277777777784,6108.66666666667,POINT (133.4389 -17.35821)
135,ntamgd0004_2016,NTAMGD0004,20160429,133.5235,-17.521320000000003,0.0,0.0,0.0,0.0,0.0,0.0,0.0,0.0,0.0,0.0,0.0,0.0,0.0,0.0,0.0,0.0,POINT (133.5235 -17.52132)
136,ntamgd0005_2016,NTAMGD0005,20160429,133.4836,-17.45585,782.8324468085108,783.1760204081633,3060.0382653061224,9955.216836734693,7549.170918367347,13015.255102040815,4376.09693877551,21315.306122448976,367.93125,383.75625,1499.41875,4878.05625,3699.09375,6377.4749999999985,2144.2875,10444.499999999998,POINT (133.4836 -17.45585)
137,ntapck0001_2016,NTAPCK0001,20160504,132.8181,-12.67578,1090.478723404255,1088.9455782312925,4130.47619047619,20953.622448979597,8564.676870748299,25085.884353741494,7530.850340136053,34696.530612244904,512.525,533.5833333333333,2023.9333333333327,10267.275,4196.691666666667,12292.083333333332,3690.1166666666654,17001.3,POINT (132.8181 -12.67578)
138,ntapck0002_2016,NTAPCK0002,20160505,132.7935,-12.82043,2338.5471546774743,2336.9389779721405,8516.173266925818,32303.749797538057,19688.487001943628,40819.92306446387,13191.936750890827,62751.506316812425,1099.1171626984126,1145.1000992063491,4172.9249007936505,15828.837400793647,9647.358630952378,20001.762301587296,6464.049007936506,30748.238095238084,POINT (132.7935 -12.82043)
139,ntastu0001_2016,NTASTU0001,20160430,133.4119,-15.87686,740.2583586626137,739.9044379656623,2646.988986070618,8327.827988338191,6339.395853579524,10974.816974408806,3751.159701976027,18024.25655976676,347.92142857142835,362.5531746031745,1297.0246031746028,4080.6357142857128,3106.3039682539666,5377.660317460315,1838.068253968253,8831.885714285709,POINT (133.4119 -15.87686)
140,ntastu0002_2016,NTASTU0002,20160501,133.3782,-15.76784,963.2934397163112,963.1646825396815,3565.0609410430798,11367.767857142844,8640.066609977315,14932.828798185928,5070.496031746027,24496.87074829929,452.7479166666662,471.95069444444397,1746.8798611111092,5570.206249999994,4233.632638888885,7317.086111111103,2484.543055555553,12003.466666666653,POINT (133.3782 -15.76784)
141,ntastu0003_2016,NTASTU0003,20160501,133.3275,-15.70665,520.1170212765959,519.5816326530612,1755.642857142857,5392.561224489797,4116.581632653061,7148.204081632653,2472.1836734693875,11763.673469387757,244.455,254.595,860.265,2642.355,2017.125,3502.62,1211.37,5764.2,POINT (133.3275 -15.70665)
142,ntastu0004_2016,NTASTU0004,20160503,132.9914,-14.86384,1399.6010638297869,1397.2606899902814,4397.442905733721,13071.701895043732,10018.191205053448,17469.144800777452,6139.637998056365,28829.810495626818,657.8124999999999,684.6577380952381,2154.7470238095234,6405.133928571428,4908.91369047619,8559.880952380952,3008.422619047619,14126.607142857143,POINT (132.9914 -14.86384)
143,ntastu0005_2016,NTASTU0005,20160503,133.0478,-14.90864,1778.7303275920294,1775.2330741820533,5398.651279559442,15776.048104956268,12116.293326854551,21174.699384515712,7504.689666342728,34997.121801101384,836.0032539682538,869.864206349206,2645.339126984127,7730.263571428571,5936.98373015873,10375.602698412698,3677.297936507936,17148.58968253968,POINT (133.0478 -14.90864)
144,nttdab0001_2014,NTTDAB0001,20140317,131.674,-13.962879999999998,781.0599613152808,780.4205318491034,3076.064316635746,16113.7625231911,6648.666666666669,19189.826839826845,5659.9950525664835,26587.67346938776,367.09818181818184,382.4060606060607,1507.2715151515156,7895.743636363639,3257.846666666668,9403.015151515154,2773.3975757575763,13027.960000000005,POINT (131.674 -13.96288)
145,nttdac0001_2014,NTTDAC0001,20140318,130.7957,-13.139829999999998,1349.6312056737586,1349.5260770975055,5089.0294784580465,17411.193877551013,12241.899092970518,22500.223356009068,7473.08616780045,36036.66666666666,634.3266666666664,661.2677777777778,2493.6244444444433,8531.484999999997,5998.530555555553,11025.10944444444,3661.812222222221,17657.96666666666,POINT (130.7957 -13.13983)
146,nttmgd0001_2014,NTTMGD0001,20140315,133.4239,-17.282970000000002,633.5840932117536,633.8621639131853,2476.636702299971,8057.237609329455,6109.908487204414,10533.874311629428,3541.7865241334675,17251.506316812458,297.7845238095242,310.59246031746073,1213.5519841269854,3948.046428571434,2993.855158730163,5161.598412698419,1735.4753968253988,8453.238095238106,POINT (133.4239 -17.28297)
147,nttpck0001_2014,NTTPCK0001,20140319,131.127,-12.871960000000001,1198.306653157717,1197.7418205377387,4423.003077421445,16253.380628441853,10368.72206025267,20676.383705863296,6736.724651765468,32194.5019436346,563.2041269841269,586.893492063492,2167.271507936508,7964.156507936507,5080.673809523809,10131.428015873014,3300.9950793650787,15775.305952380952,POINT (131.127 -12.87196)
148,nttstu0001_2014,NTTSTU0001,20140315,133.2712,-16.63024,3155.7890070921985,3157.1740362811793,12335.762471655333,40131.91326530613,30432.553854875285,52467.67573696144,17641.116780045348,85927.21088435371,1483.220833333333,1547.0152777777778,6044.523611111112,19664.6375,14911.951388888889,25709.16111111111,8644.147222222222,42104.33333333333,POINT (133.2712 -16.63024)
149,site01_2023,site01,20230907,130.97215529423508,-12.5175187908419,2803.0929866036245,2797.808012093726,9896.604938271605,66986.3000755858,19584.30964978584,76882.90501385741,20278.91156462585,99155.89569160996,1317.4537037037035,1370.925925925926,4849.336419753086,32823.28703703704,9596.31172839506,37672.62345679012,9936.666666666666,48586.388888888876,POINT (130.9721552942351 -12.5175187908419)
150,site02_2023,site02,20230907,130.98466937849187,-12.525174956853904,2697.163120567376,2693.877551020408,8917.006802721087,45822.78911564626,19858.843537414963,54739.79591836734,14932.653061224488,77185.71428571429,1267.6666666666665,1319.9999999999998,4369.333333333333,22453.166666666664,9730.833333333332,26822.499999999996,7316.999999999999,37821.0,POINT (130.9846693784919 -12.5251749568539)
151,site03_2023,site03,20230907,131.03762873787366,-12.637617251653689,2153.72340425532,2151.1904761904766,6478.231292517007,31407.653061224493,15078.40136054422,37885.8843537415,9770.748299319728,55030.10204081634,1012.25,1054.0833333333335,3174.333333333333,15389.750000000002,7388.416666666668,18564.083333333336,4787.666666666667,26964.750000000004,POINT (131.0376287378737 -12.63761725165369)
152,site04_2023,site04,20230907,131.0377655490371,-12.645767862157323,2417.3758865248224,2413.265306122449,6940.47619047619,33008.50340136054,15660.884353741494,39948.97959183673,10508.16326530612,57928.57142857141,1136.1666666666665,1182.4999999999998,3400.833333333333,16174.166666666664,7673.833333333332,19575.0,5148.999999999999,28384.999999999996,POINT (131.0377655490371 -12.64576786215732)
153,site05_2023,site05,20230908,131.00768654509443,-12.661029131616411,1186.7781155015198,1187.0262390670555,4539.941690962099,14655.830903790087,11123.4693877551,19195.772594752187,6478.7172011661805,31457.580174927116,557.7857142857142,581.6428571428573,2224.5714285714284,7181.357142857142,5450.499999999999,9405.92857142857,3174.5714285714284,15414.214285714284,POINT (131.0076865450944 -12.66102913161641)
154,site06_2023,site06,20230908,131.00348041049514,-12.650946544327969,1735.5623100303949,1734.4023323615154,5973.760932944606,24059.47521865889,14044.897959183672,30033.23615160349,9006.997084548104,45742.85714285714,815.7142857142856,849.8571428571424,2927.142857142857,11789.142857142857,6881.999999999999,14716.285714285714,4413.428571428572,22414.0,POINT (131.0034804104951 -12.65094654432797)
155,site07_2023,site07,20230909,131.07458021700324,-12.659277655124672,2220.212765957447,2218.513119533528,7451.457725947521,35288.92128279883,17705.830903790087,42741.10787172012,11535.276967930027,62576.530612244904,1043.5,1087.0714285714287,3651.2142857142853,17291.571428571428,8675.857142857143,20943.14285714285,5652.285714285714,30662.5,POINT (131.0745802170032 -12.65927765512467)
156,site08_2023,site08,20230909,131.07560748199876,-12.660199463829787,2385.6382978723404,2381.9727891156463,8214.285714285714,46108.67346938775,17654.59183673469,54323.46938775509,14840.476190476189,74266.32653061222,1121.25,1167.1666666666665,4025.0,22593.25,8650.749999999998,26618.499999999996,7271.833333333332,36390.499999999985,POINT (131.0756074819988 -12.66019946382979)
157,site09_2023,site09,20230910,131.01805131890794,-13.030253653150911,3020.288753799393,3017.930029154519,10387.609329446064,53445.91836734693,23661.078717201166,63833.527696793,17302.915451895045,90391.61807580176,1419.5357142857144,1478.7857142857144,5089.928571428572,26188.5,11593.928571428572,31278.42857142857,8478.428571428572,44291.89285714286,POINT (131.0180513189079 -13.03025365315091)
158,site10_2023,site10,20230910,130.92608220293542,-13.035195646398838,4365.045592705167,4361.807580174926,15189.795918367348,64638.48396501457,35201.749271137014,79828.27988338191,23702.623906705536,119216.90962099125,2051.5714285714284,2137.2857142857133,7443.0,31672.857142857138,17248.857142857138,39115.85714285714,11614.285714285714,58416.28571428571,POINT (130.9260822029354 -13.03519564639884)
159,site11_2023,site11,20230910,130.84966906777595,-13.068550956932508,56.534954407294855,56.5597667638484,220.99125364431487,718.9504373177842,545.1895043731779,939.9416909620993,316.03498542274065,1539.3586005830907,26.571428571428577,27.714285714285715,108.2857142857143,352.28571428571433,267.14285714285717,460.5714285714288,154.85714285714292,754.2857142857144,POINT (130.8496690677759 -13.06855095693251)
160,site12_2023,site12,20230910,130.80334876004153,-13.13212685988225,2882.1741462542464,2877.065111758989,11394.252939270946,77013.54827645342,22014.081823205473,88407.80121572438,24492.711370262394,113186.4174241125,1354.6218487394956,1409.7619047619046,5583.183940242762,37736.638655462186,10786.90009337068,43319.822595704936,12001.428571428569,55461.344537815115,POINT (130.8033487600415 -13.13212685988225)
161,site13_2023,site13,20230910,130.79107864925666,-13.142950913866198,2406.61094224924,2401.967930029154,8804.300291545189,56457.725947521845,17315.160349854224,65262.02623906706,18013.994169096208,84885.56851311952,1131.107142857143,1176.9642857142853,4314.107142857141,27664.285714285703,8484.42857142857,31978.392857142862,8826.857142857143,41593.92857142857,POINT (130.7910786492567 -13.1429509138662)
162,site14_2023,site14,20230910,131.59562827561757,-12.859114538433158,937.4620060790272,937.8279883381924,3647.9591836734694,11848.90670553936,8986.807580174926,15496.865889212828,5214.577259475218,25382.871720116622,440.6071428571428,459.53571428571433,1787.4999999999998,5805.964285714284,4403.535714285714,7593.464285714284,2555.142857142857,12437.607142857143,POINT (131.5956282756176 -12.85911453843316)
163,site15_2023,site15,20230910,131.98627906401165,-12.819008911100775,4691.1854103343485,4683.381924198251,15925.364431486882,78154.51895043733,34801.74927113703,94081.34110787172,27179.00874635569,133382.79883381925,2204.857142857143,2294.857142857143,7803.428571428572,38295.71428571429,17052.857142857145,46099.857142857145,13317.714285714286,65357.57142857143,POINT (131.9862790640117 -12.81900891110078)
164,site16_2023,site16,20230910,132.01152120013236,-12.825627676802075,1738.449848024316,1739.2128279883386,6795.481049562682,22107.72594752187,16764.57725947522,28903.206997084544,9718.07580174927,47335.27696793002,817.0714285714287,852.2142857142858,3329.785714285714,10832.785714285717,8214.642857142857,14162.571428571428,4761.857142857141,23194.285714285717,POINT (132.0115212001324 -12.82562767680207)
165,site17_2023,site17,20230910,132.31431892385257,-12.742015043271227,3360.638297872341,3358.1632653061224,11768.221574344021,56834.47521865889,26902.259475218656,68602.69679300294,19317.638483965013,98728.42565597668,1579.5,1645.5,5766.428571428571,27848.89285714285,13182.107142857143,33615.32142857143,9465.642857142857,48376.928571428565,POINT (132.3143189238526 -12.74201504327123)
166,site18_2023,site18,20230910,132.26630447235203,-12.767599985614755,3173.148397522219,3169.056537624092,10824.785954164669,57179.884304535546,23626.8765915046,68004.67025870024,18843.586005830904,94675.17898660369,1491.379746835443,1552.837703435805,5304.145117540687,28018.143309222418,11577.16952983725,33322.28842676312,9233.357142857143,46390.83770343581,POINT (132.266304472352 -12.76759998561475)
167,site20_2023,site20,20230916,131.55771979013545,-12.807804106710766,2728.267477203648,2724.0524781341105,9181.486880466473,49210.932944606415,21508.600583090378,58395.699708454806,15169.679300291544,82521.20991253645,1282.2857142857142,1334.7857142857142,4498.928571428572,24113.357142857138,10539.214285714283,28613.89285714285,7433.142857142857,40435.392857142855,POINT (131.5577197901355 -12.80780410671077)
168,site21_2023,site21,20230916,131.56669553407158,-12.816563842429792,8757.75075987842,8737.609329446064,23913.994169096208,95725.94752186586,52430.903790087454,119639.94169096206,34605.83090379008,180471.13702623907,4116.142857142857,4281.428571428572,11717.857142857141,46905.714285714275,25691.14285714285,58623.57142857143,16956.85714285714,88430.85714285713,POINT (131.5666955340716 -12.81656384242979)
169,site22_2023,site22,20230916,132.25346103747694,-12.77087842999671,2572.036474164133,2568.2215743440233,10425.364431486882,69200.2915451895,22511.661807580174,79629.15451895042,21016.326530612245,104607.8717201166,1208.857142857143,1258.4285714285713,5108.428571428572,33908.142857142855,11030.714285714286,39018.28571428571,10298.0,51257.85714285713,POINT (132.2534610374769 -12.77087842999671)
170,site23_2023,site23,20230916,132.53857746474145,-12.657977285836749,1448.70820668693,1449.3440233236151,5662.9008746355685,18423.104956268224,13970.48104956268,24086.00583090379,8098.396501457726,39446.06413994169,680.8928571428571,710.1785714285713,2774.8214285714284,9027.32142857143,6845.535714285714,11802.142857142857,3968.214285714286,19328.571428571424,POINT (132.5385774647415 -12.65797728583675)
171,umb07_2013,umb07,20130603,131.67447458410706,-13.962273105751455,892.7811550151974,891.399416909621,3063.848396501457,19491.90962099125,6369.314868804666,22555.75801749272,5886.151603498542,29781.41399416909,419.6071428571428,436.78571428571433,1501.2857142857142,9551.035714285712,3120.9642857142867,11052.321428571433,2884.2142857142853,14592.892857142857,POINT (131.6744745841071 -13.96227310575146)
172,vrd16_2012,vrd16,20120727,130.88242965734435,-17.274225328607308,2.8267477203647418,2.82798833819242,11.049562682215743,35.94752186588921,27.259475218658892,46.997084548104965,15.801749271137028,76.96793002915452,1.3285714285714283,1.3857142857142857,5.414285714285714,17.614285714285714,13.357142857142856,23.02857142857143,7.742857142857143,37.714285714285715,POINT (130.8824296573443 -17.27422532860731)
173,vrd17_2012,vrd17,20120727,130.97817293404705,-17.263723194088225,0.0,0.0,0.0,0.0,0.0,0.0,0.0,0.0,0.0,0.0,0.0,0.0,0.0,0.0,0.0,0.0,POINT (130.9781729340471 -17.26372319408823)
174,vrd20_2012,vrd20,20120728,130.89904092732047,-17.102124815901533,25.44072948328268,25.451895043731774,99.4460641399417,323.5276967930029,245.33527696792999,422.97376093294463,142.21574344023324,692.7113702623908,11.957142857142856,12.471428571428573,48.72857142857143,158.5285714285714,120.21428571428572,207.25714285714287,69.68571428571428,339.42857142857144,POINT (130.8990409273205 -17.10212481590153)
175,vrd22_2012,vrd22,20120728,131.09409284001714,-17.037462904821265,45.22796352583587,45.24781341107872,176.7930029154519,575.1603498542273,436.15160349854216,751.9533527696792,252.82798833819245,1231.4868804664725,21.257142857142856,22.17142857142857,86.62857142857142,281.82857142857137,213.7142857142857,368.45714285714286,123.88571428571429,603.4285714285714,POINT (131.0940928400171 -17.03746290482126)
176,vrd23_2012,vrd23,20120729,131.05613443706991,-16.993753155499828,62.18844984802432,62.21574344023323,243.09037900874637,790.8454810495626,599.7084548104956,1033.9358600583093,347.63848396501464,1693.2944606413996,29.228571428571428,30.485714285714284,119.1142857142857,387.5142857142857,293.85714285714283,506.6285714285714,170.34285714285716,829.7142857142858,POINT (131.0561344370699 -16.99375315549983)
177,vrd24_2012,vrd24,20120729,131.11592414007418,-16.877028655831065,0.0,0.0,0.0,0.0,0.0,0.0,0.0,0.0,0.0,0.0,0.0,0.0,0.0,0.0,0.0,0.0,POINT (131.1159241400742 -16.87702865583107)
178,vrd25_2012,vrd25,20120730,131.06148423462568,-16.667624317812955,19.787234042553195,19.795918367346943,77.34693877551018,251.63265306122452,190.81632653061226,328.9795918367348,110.61224489795916,538.7755102040817,9.3,9.7,37.89999999999999,123.3,93.5,161.20000000000005,54.2,264.0,POINT (131.0614842346257 -16.66762431781295)
179,vrd26_2012,vrd26,20120730,131.21767884477129,-16.651064936615093,0.0,0.0,0.0,0.0,0.0,0.0,0.0,0.0,0.0,0.0,0.0,0.0,0.0,0.0,0.0,0.0,POINT (131.2176788447713 -16.65106493661509)
180,vrd29_2012,vrd29,20120731,131.12320583626214,-16.391829119379572,0.0,0.0,0.0,0.0,0.0,0.0,0.0,0.0,0.0,0.0,0.0,0.0,0.0,0.0,0.0,0.0,POINT (131.1232058362621 -16.39182911937957)
181,vrd30_2012,vrd30,20120731,131.11415853521322,-16.338289409789212,1024.696048632219,1025.1457725947523,4005.466472303208,13030.976676384838,9881.55976676385,17036.443148688046,5728.134110787171,27900.874635568514,481.6071428571429,502.3214285714286,1962.678571428572,6385.178571428571,4841.964285714286,8347.857142857143,2806.785714285714,13671.428571428572,POINT (131.1141585352132 -16.33828940978921)
182,vrd31_2012,vrd31,20120801,131.1659092382437,-16.304921969673018,0.0,0.0,0.0,0.0,0.0,0.0,0.0,0.0,0.0,0.0,0.0,0.0,0.0,0.0,0.0,0.0,POINT (131.1659092382437 -16.30492196967302)
183,vrd32_2012,vrd32,20120801,131.23891864203802,-16.20861179974201,11.306990881458967,11.31195335276968,44.19825072886297,143.7900874635569,109.03790087463557,187.98833819241986,63.206997084548114,307.87172011661806,5.314285714285714,5.542857142857144,21.65714285714286,70.45714285714286,53.42857142857142,92.11428571428571,30.97142857142857,150.85714285714286,POINT (131.238918642038 -16.20861179974201)
184,vrd33_2012,vrd33,20120801,131.16094543663522,-16.16051633073828,8.480243161094227,8.48396501457726,33.14868804664723,107.84256559766764,81.77842565597669,140.99125364431487,47.40524781341107,230.90379008746362,3.9857142857142858,4.1571428571428575,16.242857142857144,52.84285714285714,40.07142857142857,69.08571428571429,23.228571428571428,113.14285714285714,POINT (131.1609454366352 -16.16051633073828)
185,vrd34_2012,vrd34,20120801,131.18387923857978,-16.21427293016035,0.0,0.0,0.0,0.0,0.0,0.0,0.0,0.0,0.0,0.0,0.0,0.0,0.0,0.0,0.0,0.0,POINT (131.1838792385798 -16.21427293016035)
186,vrd35_2012,vrd35,20120802,131.18883213788834,-16.102734080911773,0.0,0.0,0.0,0.0,0.0,0.0,0.0,0.0,0.0,0.0,0.0,0.0,0.0,0.0,0.0,0.0,POINT (131.1888321378883 -16.10273408091177)
187,vrd36_2012,vrd36,20120802,131.23367244058443,-16.08778645069163,0.0,0.0,0.0,0.0,0.0,0.0,0.0,0.0,0.0,0.0,0.0,0.0,0.0,0.0,0.0,0.0,POINT (131.2336724405844 -16.08778645069163)
188,vrd37_2012,vrd37,20120802,131.14143063551614,-16.174835510825222,1773.7841945288753,1774.5626822157435,6933.60058309038,22557.069970845478,17105.320699708456,29490.670553935863,9915.597667638483,48297.376093294464,833.6785714285713,869.5357142857142,3397.464285714286,11052.964285714284,8381.607142857143,14450.428571428569,4858.642857142857,23665.714285714286,POINT (131.1414306355161 -16.17483551082522)
189,wedo01_2012,wedo01,20120606,131.0050186100947,-12.604008270726993,788.9057750759879,787.8134110787172,2562.536443148689,9030.52478134111,5854.781341107871,11593.061224489795,3760.816326530613,18204.54810495627,370.78571428571433,386.0285714285714,1255.6428571428576,4424.957142857144,2868.842857142857,5680.6,1842.8,8920.228571428572,POINT (131.0050186100947 -12.60400827072699)
190,wedo03_2012,wedo03,20120710,130.98312305438918,-12.533954849020901,1581.6109422492402,1579.081632653061,5136.661807580174,28744.97084548105,11822.084548104956,33883.38192419825,8572.448979591836,47222.5218658892,743.3571428571428,773.7499999999999,2516.964285714285,14085.035714285714,5792.821428571428,16602.85714285714,4200.5,23139.035714285706,POINT (130.9831230543892 -12.5339548490209)
191,wh02_2012,wh02,20120724,130.67928682027434,-18.234261268637074,36.74772036474165,36.76384839650146,143.64431486880468,467.31778425655983,354.37317784256567,610.9620991253646,205.42274052478137,1000.5830903790088,17.271428571428572,18.014285714285716,70.38571428571429,228.9857142857143,173.64285714285717,299.3714285714286,100.65714285714287,490.28571428571433,POINT (130.6792868202743 -18.23426126863707)
192,wh03_2012,wh03,20120724,130.75896622463637,-18.035695579547035,0.0,0.0,0.0,0.0,0.0,0.0,0.0,0.0,0.0,0.0,0.0,0.0,0.0,0.0,0.0,0.0,POINT (130.7589662246364 -18.03569557954703)
193,wh04_2012,wh04,20120724,130.76838532520264,-18.019915569546995,0.0,0.0,0.0,0.0,0.0,0.0,0.0,0.0,0.0,0.0,0.0,0.0,0.0,0.0,0.0,0.0,POINT (130.7683853252026 -18.019915569547)
194,wh05_2012,wh05,20120725,130.7533450230115,-17.869859880794703,0.0,0.0,0.0,0.0,0.0,0.0,0.0,0.0,0.0,0.0,0.0,0.0,0.0,0.0,0.0,0.0,POINT (130.7533450230115 -17.8698598807947)
195,wh06_2012,wh06,20120725,130.79407392542902,-17.804417450966877,0.0,0.0,0.0,0.0,0.0,0.0,0.0,0.0,0.0,0.0,0.0,0.0,0.0,0.0,0.0,0.0,POINT (130.794073925429 -17.80441745096688)
196,wh07_2012,wh07,20120725,130.85520482920919,-17.730626711097376,36.74772036474165,36.76384839650146,143.64431486880466,467.31778425655983,354.3731778425656,610.9620991253645,205.4227405247813,1000.5830903790088,17.271428571428572,18.014285714285716,70.38571428571429,228.9857142857143,173.64285714285714,299.37142857142857,100.65714285714287,490.28571428571433,POINT (130.8552048292092 -17.73062671109738)
197,wh08_2012,wh08,20120725,130.86484613044217,-17.80031196047614,0.0,0.0,0.0,0.0,0.0,0.0,0.0,0.0,0.0,0.0,0.0,0.0,0.0,0.0,0.0,0.0,POINT (130.8648461304422 -17.80031196047614)
198,wh09_2012,wh09,20120725,130.82755502816198,-17.849505930351782,0.0,0.0,0.0,0.0,0.0,0.0,0.0,0.0,0.0,0.0,0.0,0.0,0.0,0.0,0.0,0.0,POINT (130.827555028162 -17.84950593035178)
199,wh13_2012,wh13,20120726,130.9793829359707,-17.484927061904973,0.0,0.0,0.0,0.0,0.0,0.0,0.0,0.0,0.0,0.0,0.0,0.0,0.0,0.0,0.0,0.0,POINT (130.9793829359707 -17.48492706190497)
200,wh15_2012,wh15,20120727,130.94830943452482,-17.573513531507405,0.0,0.0,0.0,0.0,0.0,0.0,0.0,0.0,0.0,0.0,0.0,0.0,0.0,0.0,0.0,0.0,POINT (130.9483094345248 -17.57351353150741)
